=== PCTWM Trial Log: pctwm_sb_loop_t1_7_t2_7_any ===
C11TESTER=-x1 -p1 -b1 -i43 -y1

--- Run #1 ---
C11Tester
Copyright (c) 2013 and 2019 Regents of the University of California. All rights reserved.
Distributed under the GPLv2
Written by Weiyu Luo, Brian Norris, and Brian Demsky

Print current params: 
-v[NUM], --verbose[=NUM]   Default: 0 Now: 0
-x, --maxexec=NUM           Maximum number of executions. Default: 10 Now: 1
-m, --minsize=NUM           Minimum number of actions to keep Default: 0 Now: 0
-f, --freqfree=NUM          Frequency to free actions Default:500000 Now: 500000
-l, --maxscheduler=NUM		 Scheduler length limitation Default:50 Now: 20
-b, --bugdepth=NUM			 bugdepth Default:5 Now: 1
-p, --version=NUM			 c11testerversion Default:0 Now: 1
-i, --maxinstr=NUM			 read num bounds: Default:30 Now: 43
-y, --history=NUM			 rf_set searcg bounds: Default:20 Now: 1
The limit of read nums is 215. 
using pct version now. 
Change Priority Points:  [0]: 5  

 current action type is  thread start  . on thread 1, sequence number is : 1 , mo_type is : seq_cst. 

 current action type is  atomic write  . on thread 1, sequence number is : 2 , mo_type is : relaxed. 

 Process write action. Updates local vec in thread 1 - The size of localvec is 1.[location: 00000000004051F4,  seq_num: 2. value: 0]	

 current action type is  atomic write  . on thread 1, sequence number is : 3 , mo_type is : relaxed. 

 Process write action. Updates local vec in thread 1 - The size of localvec is 2.[location: 00000000004051F4,  seq_num: 2. value: 0]	[location: 00000000004051F8,  seq_num: 3. value: 0]	

 current action type is  pthread create. on thread 1, sequence number is : 4 , mo_type is : seq_cst. 

 current action type is  thread start  . on thread 2, sequence number is : 5 , mo_type is : seq_cst. 

 current action type is  pthread create. on thread 1, sequence number is : 6 , mo_type is : seq_cst. 

 current action type is  thread start  . on thread 3, sequence number is : 7 , mo_type is : seq_cst. 

 current action type is  atomic write  . on thread 2, sequence number is : 8 , mo_type is : relaxed. 

 Process write action. Updates local vec in thread 2 - The size of localvec is 1.[location: 00000000004051F4,  seq_num: 8. value: 1]	

 current action type is  atomic write  . on thread 3, sequence number is : 9 , mo_type is : relaxed. 

 Process write action. Updates local vec in thread 3 - The size of localvec is 1.[location: 00000000004051F8,  seq_num: 9. value: 1]	
calling the get_next_thread. 

 current action type is  atomic read   . on thread 2, sequence number is : 10 , mo_type is : relaxed. 
Current instr. nums: 1. 
Change Priority Points:  [0]: 5  
 no external read job. - read local 
search on 4 threads. current is the 0th thread.
search on 4 threads. current is the 1th thread.
add 1 reads, meet the search bound. 
search on 4 threads. current is the 2th thread.
search on 4 threads. current is the 3th thread.
add 1 reads, meet the search bound. 
build_may_read_from, current history is: 1, rf_set size is : 2 
current read action location: 4215288, threadid : 2 
In process read: current localvec size is 1.
The size of localvec is 1.[location: 00000000004051F4,  seq_num: 8. value: 1]	
thread localvec size: 1 
Process read: read locally. 
localvec has no variable. randomly select from rf_set. 
rf_set size is: 2. 

 current action type is  atomic write  . on thread 2, sequence number is : 11 , mo_type is : relaxed. 

 Process write action. Updates local vec in thread 2 - The size of localvec is 1.[location: 00000000004051F4,  seq_num: 8. value: 1]	
calling the get_next_thread. 

 current action type is  atomic read   . on thread 2, sequence number is : 12 , mo_type is : relaxed. 
Current instr. nums: 2. 
Change Priority Points:  [0]: 5  
 no external read job. - read local 
search on 4 threads. current is the 0th thread.
search on 4 threads. current is the 1th thread.
add 1 reads, meet the search bound. 
search on 4 threads. current is the 2th thread.
search on 4 threads. current is the 3th thread.
add 1 reads, meet the search bound. 
build_may_read_from, current history is: 1, rf_set size is : 2 
current read action location: 4215288, threadid : 2 
In process read: current localvec size is 1.
The size of localvec is 1.[location: 00000000004051F4,  seq_num: 8. value: 1]	
thread localvec size: 1 
Process read: read locally. 
localvec has no variable. randomly select from rf_set. 
rf_set size is: 2. 

 current action type is  atomic write  . on thread 2, sequence number is : 13 , mo_type is : relaxed. 

 Process write action. Updates local vec in thread 2 - The size of localvec is 1.[location: 00000000004051F4,  seq_num: 8. value: 1]	
calling the get_next_thread. 

 current action type is  atomic read   . on thread 2, sequence number is : 14 , mo_type is : relaxed. 
Current instr. nums: 3. 
Change Priority Points:  [0]: 5  
 no external read job. - read local 
search on 4 threads. current is the 0th thread.
search on 4 threads. current is the 1th thread.
add 1 reads, meet the search bound. 
search on 4 threads. current is the 2th thread.
search on 4 threads. current is the 3th thread.
add 1 reads, meet the search bound. 
build_may_read_from, current history is: 1, rf_set size is : 2 
current read action location: 4215288, threadid : 2 
In process read: current localvec size is 1.
The size of localvec is 1.[location: 00000000004051F4,  seq_num: 8. value: 1]	
thread localvec size: 1 
Process read: read locally. 
localvec has no variable. randomly select from rf_set. 
rf_set size is: 2. 

 current action type is  atomic write  . on thread 2, sequence number is : 15 , mo_type is : relaxed. 

 Process write action. Updates local vec in thread 2 - The size of localvec is 1.[location: 00000000004051F4,  seq_num: 8. value: 1]	
calling the get_next_thread. 

 current action type is  atomic read   . on thread 2, sequence number is : 16 , mo_type is : relaxed. 
Current instr. nums: 4. 
Change Priority Points:  [0]: 5  
 no external read job. - read local 
search on 4 threads. current is the 0th thread.
search on 4 threads. current is the 1th thread.
add 1 reads, meet the search bound. 
search on 4 threads. current is the 2th thread.
search on 4 threads. current is the 3th thread.
add 1 reads, meet the search bound. 
build_may_read_from, current history is: 1, rf_set size is : 2 
current read action location: 4215288, threadid : 2 
In process read: current localvec size is 1.
The size of localvec is 1.[location: 00000000004051F4,  seq_num: 8. value: 1]	
thread localvec size: 1 
Process read: read locally. 
localvec has no variable. randomly select from rf_set. 
rf_set size is: 2. 
current read action location: 4215288, threadid : 2 
In process read: current localvec size is 1.
The size of localvec is 1.[location: 00000000004051F4,  seq_num: 8. value: 1]	
thread localvec size: 1 
Process read: read locally. 
localvec has no variable. randomly select from rf_set. 
rf_set size is: 1. 

 current action type is  atomic write  . on thread 2, sequence number is : 17 , mo_type is : relaxed. 

 Process write action. Updates local vec in thread 2 - The size of localvec is 1.[location: 00000000004051F4,  seq_num: 8. value: 1]	
calling the get_next_thread. 

 current action type is  atomic read   . on thread 2, sequence number is : 18 , mo_type is : relaxed. 
Current instr. nums: 5. 
Change Priority Points:  [0]: 5  
reach the 0 change point. Change priority of thread 2. 
high priority vector: [0] : 2[1] : 3[2] : 1
Low priority threads:  [0]: 0  
high priority vector: [0] : -1[1] : 3[2] : 1
Low priority threads:  [0]: 2  
change point. current 2 avail threads.thread: 2, thread: 3, 
currently highest prio thread - thread 3. 
external_readnum job each thread: thread : 0 does not need read externally. thread : 1 does not need read externally. thread : 2 need read externally. 
Change Priority Points:  [0]: 5  
now we are at the 0 change point. 
now we reselect the highest prio thread. 
now change point: select the new highest thread.current 2 avail threads.thread: 2, thread: 3, 
return the highest thread: 3 

 current action type is  atomic read   . on thread 3, sequence number is : 19 , mo_type is : relaxed. 
Current instr. nums: 6. 
Change Priority Points:  [0]: 5  
 no external read job. - read local 
search on 4 threads. current is the 0th thread.
search on 4 threads. current is the 1th thread.
add 1 reads, meet the search bound. 
search on 4 threads. current is the 2th thread.
add 1 reads, meet the search bound. 
search on 4 threads. current is the 3th thread.
build_may_read_from, current history is: 1, rf_set size is : 2 
current read action location: 4215284, threadid : 3 
In process read: current localvec size is 1.
The size of localvec is 1.[location: 00000000004051F8,  seq_num: 9. value: 1]	
thread localvec size: 1 
Process read: read locally. 
localvec has no variable. randomly select from rf_set. 
rf_set size is: 2. 

 current action type is  atomic write  . on thread 3, sequence number is : 20 , mo_type is : relaxed. 

 Process write action. Updates local vec in thread 3 - The size of localvec is 1.[location: 00000000004051F8,  seq_num: 9. value: 1]	
calling the get_next_thread. 

 current action type is  atomic read   . on thread 3, sequence number is : 21 , mo_type is : relaxed. 
Current instr. nums: 7. 
Change Priority Points:  [0]: 5  
 no external read job. - read local 
search on 4 threads. current is the 0th thread.
search on 4 threads. current is the 1th thread.
add 1 reads, meet the search bound. 
search on 4 threads. current is the 2th thread.
add 1 reads, meet the search bound. 
search on 4 threads. current is the 3th thread.
build_may_read_from, current history is: 1, rf_set size is : 2 
current read action location: 4215284, threadid : 3 
In process read: current localvec size is 1.
The size of localvec is 1.[location: 00000000004051F8,  seq_num: 9. value: 1]	
thread localvec size: 1 
Process read: read locally. 
localvec has no variable. randomly select from rf_set. 
rf_set size is: 2. 
current read action location: 4215284, threadid : 3 
In process read: current localvec size is 1.
The size of localvec is 1.[location: 00000000004051F8,  seq_num: 9. value: 1]	
thread localvec size: 1 
Process read: read locally. 
localvec has no variable. randomly select from rf_set. 
rf_set size is: 1. 

 current action type is  atomic write  . on thread 3, sequence number is : 22 , mo_type is : relaxed. 

 Process write action. Updates local vec in thread 3 - The size of localvec is 1.[location: 00000000004051F8,  seq_num: 9. value: 1]	
calling the get_next_thread. 

 current action type is  atomic read   . on thread 3, sequence number is : 23 , mo_type is : relaxed. 
Current instr. nums: 8. 
Change Priority Points:  [0]: 5  
 no external read job. - read local 
search on 4 threads. current is the 0th thread.
search on 4 threads. current is the 1th thread.
add 1 reads, meet the search bound. 
search on 4 threads. current is the 2th thread.
add 1 reads, meet the search bound. 
search on 4 threads. current is the 3th thread.
build_may_read_from, current history is: 1, rf_set size is : 2 
current read action location: 4215284, threadid : 3 
In process read: current localvec size is 1.
The size of localvec is 1.[location: 00000000004051F8,  seq_num: 9. value: 1]	
thread localvec size: 1 
Process read: read locally. 
localvec has no variable. randomly select from rf_set. 
rf_set size is: 2. 
current read action location: 4215284, threadid : 3 
In process read: current localvec size is 1.
The size of localvec is 1.[location: 00000000004051F8,  seq_num: 9. value: 1]	
thread localvec size: 1 
Process read: read locally. 
localvec has no variable. randomly select from rf_set. 
rf_set size is: 1. 

 current action type is  atomic write  . on thread 3, sequence number is : 24 , mo_type is : relaxed. 

 Process write action. Updates local vec in thread 3 - The size of localvec is 1.[location: 00000000004051F8,  seq_num: 9. value: 1]	
calling the get_next_thread. 

 current action type is  atomic read   . on thread 3, sequence number is : 25 , mo_type is : relaxed. 
Current instr. nums: 9. 
Change Priority Points:  [0]: 5  
 no external read job. - read local 
search on 4 threads. current is the 0th thread.
search on 4 threads. current is the 1th thread.
add 1 reads, meet the search bound. 
search on 4 threads. current is the 2th thread.
add 1 reads, meet the search bound. 
search on 4 threads. current is the 3th thread.
build_may_read_from, current history is: 1, rf_set size is : 2 
current read action location: 4215284, threadid : 3 
In process read: current localvec size is 1.
The size of localvec is 1.[location: 00000000004051F8,  seq_num: 9. value: 1]	
thread localvec size: 1 
Process read: read locally. 
localvec has no variable. randomly select from rf_set. 
rf_set size is: 2. 

 current action type is  atomic write  . on thread 3, sequence number is : 26 , mo_type is : relaxed. 

 Process write action. Updates local vec in thread 3 - The size of localvec is 1.[location: 00000000004051F8,  seq_num: 9. value: 1]	
calling the get_next_thread. 

 current action type is  atomic read   . on thread 3, sequence number is : 27 , mo_type is : relaxed. 
Current instr. nums: 10. 
Change Priority Points:  [0]: 5  
 no external read job. - read local 
search on 4 threads. current is the 0th thread.
search on 4 threads. current is the 1th thread.
add 1 reads, meet the search bound. 
search on 4 threads. current is the 2th thread.
add 1 reads, meet the search bound. 
search on 4 threads. current is the 3th thread.
build_may_read_from, current history is: 1, rf_set size is : 2 
current read action location: 4215284, threadid : 3 
In process read: current localvec size is 1.
The size of localvec is 1.[location: 00000000004051F8,  seq_num: 9. value: 1]	
thread localvec size: 1 
Process read: read locally. 
localvec has no variable. randomly select from rf_set. 
rf_set size is: 2. 
current read action location: 4215284, threadid : 3 
In process read: current localvec size is 1.
The size of localvec is 1.[location: 00000000004051F8,  seq_num: 9. value: 1]	
thread localvec size: 1 
Process read: read locally. 
localvec has no variable. randomly select from rf_set. 
rf_set size is: 1. 

 current action type is  atomic write  . on thread 3, sequence number is : 28 , mo_type is : relaxed. 

 Process write action. Updates local vec in thread 3 - The size of localvec is 1.[location: 00000000004051F8,  seq_num: 9. value: 1]	
calling the get_next_thread. 

 current action type is  atomic read   . on thread 3, sequence number is : 29 , mo_type is : relaxed. 
Current instr. nums: 11. 
Change Priority Points:  [0]: 5  
 no external read job. - read local 
search on 4 threads. current is the 0th thread.
search on 4 threads. current is the 1th thread.
add 1 reads, meet the search bound. 
search on 4 threads. current is the 2th thread.
add 1 reads, meet the search bound. 
search on 4 threads. current is the 3th thread.
build_may_read_from, current history is: 1, rf_set size is : 2 
current read action location: 4215284, threadid : 3 
In process read: current localvec size is 1.
The size of localvec is 1.[location: 00000000004051F8,  seq_num: 9. value: 1]	
thread localvec size: 1 
Process read: read locally. 
localvec has no variable. randomly select from rf_set. 
rf_set size is: 2. 
current read action location: 4215284, threadid : 3 
In process read: current localvec size is 1.
The size of localvec is 1.[location: 00000000004051F8,  seq_num: 9. value: 1]	
thread localvec size: 1 
Process read: read locally. 
localvec has no variable. randomly select from rf_set. 
rf_set size is: 1. 

 current action type is  atomic write  . on thread 3, sequence number is : 30 , mo_type is : relaxed. 

 Process write action. Updates local vec in thread 3 - The size of localvec is 1.[location: 00000000004051F8,  seq_num: 9. value: 1]	
calling the get_next_thread. 

 current action type is  atomic read   . on thread 3, sequence number is : 31 , mo_type is : relaxed. 
Current instr. nums: 12. 
Change Priority Points:  [0]: 5  
 no external read job. - read local 
search on 4 threads. current is the 0th thread.
search on 4 threads. current is the 1th thread.
add 1 reads, meet the search bound. 
search on 4 threads. current is the 2th thread.
add 1 reads, meet the search bound. 
search on 4 threads. current is the 3th thread.
build_may_read_from, current history is: 1, rf_set size is : 2 
current read action location: 4215284, threadid : 3 
In process read: current localvec size is 1.
The size of localvec is 1.[location: 00000000004051F8,  seq_num: 9. value: 1]	
thread localvec size: 1 
Process read: read locally. 
localvec has no variable. randomly select from rf_set. 
rf_set size is: 2. 
current read action location: 4215284, threadid : 3 
In process read: current localvec size is 1.
The size of localvec is 1.[location: 00000000004051F8,  seq_num: 9. value: 1]	
thread localvec size: 1 
Process read: read locally. 
localvec has no variable. randomly select from rf_set. 
rf_set size is: 1. 

 current action type is  thread finish . on thread 3, sequence number is : 32 , mo_type is : seq_cst. 
calling the get_next_thread. 

 current action type is  atomic read   . on thread 2, sequence number is : 33 , mo_type is : relaxed. 
Current instr. nums: 13. 
Change Priority Points:  [0]: 5  
we meet a pending read again have read external job. - read external
search on 4 threads. current is the 0th thread.
search on 4 threads. current is the 1th thread.
add 1 reads, meet the search bound. 
search on 4 threads. current is the 2th thread.
search on 4 threads. current is the 3th thread.
add 1 reads, meet the search bound. 
build_may_read_from, current history is: 1, rf_set size is : 2 
current read action location: 4215288, threadid : 2 
In process read: current localvec size is 1.
The size of localvec is 1.[location: 00000000004051F4,  seq_num: 8. value: 1]	
Process read: read externally. 
external_readnum job each thread: thread : 0 does not need read externally. thread : 1 does not need read externally. thread : 2 does not need read externally. thread : 3 does not need read externally. 

 current action type is  atomic write  . on thread 2, sequence number is : 34 , mo_type is : relaxed. 

 Process write action. Updates local vec in thread 2 - The size of localvec is 2.[location: 00000000004051F4,  seq_num: 8. value: 1]	[location: 00000000004051F8,  seq_num: 30. value: 1]	
calling the get_next_thread. 

 current action type is  atomic read   . on thread 2, sequence number is : 35 , mo_type is : relaxed. 
Current instr. nums: 14. 
Change Priority Points:  [0]: 5  
 no external read job. - read local 
search on 4 threads. current is the 0th thread.
search on 4 threads. current is the 1th thread.
add 1 reads, meet the search bound. 
search on 4 threads. current is the 2th thread.
search on 4 threads. current is the 3th thread.
add 1 reads, meet the search bound. 
build_may_read_from, current history is: 1, rf_set size is : 2 
current read action location: 4215288, threadid : 2 
In process read: current localvec size is 2.
The size of localvec is 2.[location: 00000000004051F4,  seq_num: 8. value: 1]	[location: 00000000004051F8,  seq_num: 30. value: 1]	
thread localvec size: 2 
Process read: read locally. 
local vec has such write, seqnum:30 
localvec has such variable 

 current action type is  atomic write  . on thread 2, sequence number is : 36 , mo_type is : relaxed. 

 Process write action. Updates local vec in thread 2 - The size of localvec is 2.[location: 00000000004051F4,  seq_num: 8. value: 1]	[location: 00000000004051F8,  seq_num: 30. value: 1]	
calling the get_next_thread. 

 current action type is  atomic read   . on thread 2, sequence number is : 37 , mo_type is : relaxed. 
Current instr. nums: 15. 
Change Priority Points:  [0]: 5  
 no external read job. - read local 
search on 4 threads. current is the 0th thread.
search on 4 threads. current is the 1th thread.
add 1 reads, meet the search bound. 
search on 4 threads. current is the 2th thread.
search on 4 threads. current is the 3th thread.
add 1 reads, meet the search bound. 
build_may_read_from, current history is: 1, rf_set size is : 2 
current read action location: 4215288, threadid : 2 
In process read: current localvec size is 2.
The size of localvec is 2.[location: 00000000004051F4,  seq_num: 8. value: 1]	[location: 00000000004051F8,  seq_num: 30. value: 1]	
thread localvec size: 2 
Process read: read locally. 
local vec has such write, seqnum:30 
localvec has such variable 

 current action type is  thread finish . on thread 2, sequence number is : 38 , mo_type is : seq_cst. 
calling the get_next_thread. 

 current action type is  pthread join  . on thread 1, sequence number is : 39 , mo_type is : seq_cst. 
calling the get_next_thread. 

 current action type is  pthread join  . on thread 1, sequence number is : 40 , mo_type is : seq_cst. 

 current action type is  thread finish . on thread 1, sequence number is : 41 , mo_type is : seq_cst. 
******* Model-checking complete: *******
Number of complete, bug-free executions: 1
Number of buggy executions: 0
Total executions: 1


--- Run #2 ---
C11Tester
Copyright (c) 2013 and 2019 Regents of the University of California. All rights reserved.
Distributed under the GPLv2
Written by Weiyu Luo, Brian Norris, and Brian Demsky

Print current params: 
-v[NUM], --verbose[=NUM]   Default: 0 Now: 0
-x, --maxexec=NUM           Maximum number of executions. Default: 10 Now: 1
-m, --minsize=NUM           Minimum number of actions to keep Default: 0 Now: 0
-f, --freqfree=NUM          Frequency to free actions Default:500000 Now: 500000
-l, --maxscheduler=NUM		 Scheduler length limitation Default:50 Now: 20
-b, --bugdepth=NUM			 bugdepth Default:5 Now: 1
-p, --version=NUM			 c11testerversion Default:0 Now: 1
-i, --maxinstr=NUM			 read num bounds: Default:30 Now: 43
-y, --history=NUM			 rf_set searcg bounds: Default:20 Now: 1
The limit of read nums is 215. 
using pct version now. 
Change Priority Points:  [0]: 5  

 current action type is  thread start  . on thread 1, sequence number is : 1 , mo_type is : seq_cst. 

 current action type is  atomic write  . on thread 1, sequence number is : 2 , mo_type is : relaxed. 

 Process write action. Updates local vec in thread 1 - The size of localvec is 1.[location: 00000000004051F4,  seq_num: 2. value: 0]	

 current action type is  atomic write  . on thread 1, sequence number is : 3 , mo_type is : relaxed. 

 Process write action. Updates local vec in thread 1 - The size of localvec is 2.[location: 00000000004051F4,  seq_num: 2. value: 0]	[location: 00000000004051F8,  seq_num: 3. value: 0]	

 current action type is  pthread create. on thread 1, sequence number is : 4 , mo_type is : seq_cst. 

 current action type is  thread start  . on thread 2, sequence number is : 5 , mo_type is : seq_cst. 

 current action type is  pthread create. on thread 1, sequence number is : 6 , mo_type is : seq_cst. 

 current action type is  thread start  . on thread 3, sequence number is : 7 , mo_type is : seq_cst. 

 current action type is  atomic write  . on thread 2, sequence number is : 8 , mo_type is : relaxed. 

 Process write action. Updates local vec in thread 2 - The size of localvec is 1.[location: 00000000004051F4,  seq_num: 8. value: 1]	

 current action type is  atomic write  . on thread 3, sequence number is : 9 , mo_type is : relaxed. 

 Process write action. Updates local vec in thread 3 - The size of localvec is 1.[location: 00000000004051F8,  seq_num: 9. value: 1]	
calling the get_next_thread. 

 current action type is  atomic read   . on thread 3, sequence number is : 10 , mo_type is : relaxed. 
Current instr. nums: 1. 
Change Priority Points:  [0]: 5  
 no external read job. - read local 
search on 4 threads. current is the 0th thread.
search on 4 threads. current is the 1th thread.
add 1 reads, meet the search bound. 
search on 4 threads. current is the 2th thread.
add 1 reads, meet the search bound. 
search on 4 threads. current is the 3th thread.
build_may_read_from, current history is: 1, rf_set size is : 2 
current read action location: 4215284, threadid : 3 
In process read: current localvec size is 1.
The size of localvec is 1.[location: 00000000004051F8,  seq_num: 9. value: 1]	
thread localvec size: 1 
Process read: read locally. 
localvec has no variable. randomly select from rf_set. 
rf_set size is: 2. 

 current action type is  atomic write  . on thread 3, sequence number is : 11 , mo_type is : relaxed. 

 Process write action. Updates local vec in thread 3 - The size of localvec is 1.[location: 00000000004051F8,  seq_num: 9. value: 1]	
calling the get_next_thread. 

 current action type is  atomic read   . on thread 3, sequence number is : 12 , mo_type is : relaxed. 
Current instr. nums: 2. 
Change Priority Points:  [0]: 5  
 no external read job. - read local 
search on 4 threads. current is the 0th thread.
search on 4 threads. current is the 1th thread.
add 1 reads, meet the search bound. 
search on 4 threads. current is the 2th thread.
add 1 reads, meet the search bound. 
search on 4 threads. current is the 3th thread.
build_may_read_from, current history is: 1, rf_set size is : 2 
current read action location: 4215284, threadid : 3 
In process read: current localvec size is 1.
The size of localvec is 1.[location: 00000000004051F8,  seq_num: 9. value: 1]	
thread localvec size: 1 
Process read: read locally. 
localvec has no variable. randomly select from rf_set. 
rf_set size is: 2. 

 current action type is  atomic write  . on thread 3, sequence number is : 13 , mo_type is : relaxed. 

 Process write action. Updates local vec in thread 3 - The size of localvec is 1.[location: 00000000004051F8,  seq_num: 9. value: 1]	
calling the get_next_thread. 

 current action type is  atomic read   . on thread 3, sequence number is : 14 , mo_type is : relaxed. 
Current instr. nums: 3. 
Change Priority Points:  [0]: 5  
 no external read job. - read local 
search on 4 threads. current is the 0th thread.
search on 4 threads. current is the 1th thread.
add 1 reads, meet the search bound. 
search on 4 threads. current is the 2th thread.
add 1 reads, meet the search bound. 
search on 4 threads. current is the 3th thread.
build_may_read_from, current history is: 1, rf_set size is : 2 
current read action location: 4215284, threadid : 3 
In process read: current localvec size is 1.
The size of localvec is 1.[location: 00000000004051F8,  seq_num: 9. value: 1]	
thread localvec size: 1 
Process read: read locally. 
localvec has no variable. randomly select from rf_set. 
rf_set size is: 2. 

 current action type is  atomic write  . on thread 3, sequence number is : 15 , mo_type is : relaxed. 

 Process write action. Updates local vec in thread 3 - The size of localvec is 1.[location: 00000000004051F8,  seq_num: 9. value: 1]	
calling the get_next_thread. 

 current action type is  atomic read   . on thread 3, sequence number is : 16 , mo_type is : relaxed. 
Current instr. nums: 4. 
Change Priority Points:  [0]: 5  
 no external read job. - read local 
search on 4 threads. current is the 0th thread.
search on 4 threads. current is the 1th thread.
add 1 reads, meet the search bound. 
search on 4 threads. current is the 2th thread.
add 1 reads, meet the search bound. 
search on 4 threads. current is the 3th thread.
build_may_read_from, current history is: 1, rf_set size is : 2 
current read action location: 4215284, threadid : 3 
In process read: current localvec size is 1.
The size of localvec is 1.[location: 00000000004051F8,  seq_num: 9. value: 1]	
thread localvec size: 1 
Process read: read locally. 
localvec has no variable. randomly select from rf_set. 
rf_set size is: 2. 

 current action type is  atomic write  . on thread 3, sequence number is : 17 , mo_type is : relaxed. 

 Process write action. Updates local vec in thread 3 - The size of localvec is 1.[location: 00000000004051F8,  seq_num: 9. value: 1]	
calling the get_next_thread. 

 current action type is  atomic read   . on thread 3, sequence number is : 18 , mo_type is : relaxed. 
Current instr. nums: 5. 
Change Priority Points:  [0]: 5  
reach the 0 change point. Change priority of thread 3. 
high priority vector: [0] : 3[1] : 2[2] : 1
Low priority threads:  [0]: 0  
high priority vector: [0] : -1[1] : 2[2] : 1
Low priority threads:  [0]: 3  
change point. current 2 avail threads.thread: 2, thread: 3, 
currently highest prio thread - thread 2. 
external_readnum job each thread: thread : 0 does not need read externally. thread : 1 does not need read externally. thread : 2 does not need read externally. thread : 3 need read externally. 
Change Priority Points:  [0]: 5  
now we are at the 0 change point. 
now we reselect the highest prio thread. 
now change point: select the new highest thread.current 2 avail threads.thread: 2, thread: 3, 
return the highest thread: 2 

 current action type is  atomic read   . on thread 2, sequence number is : 19 , mo_type is : relaxed. 
Current instr. nums: 6. 
Change Priority Points:  [0]: 5  
 no external read job. - read local 
search on 4 threads. current is the 0th thread.
search on 4 threads. current is the 1th thread.
add 1 reads, meet the search bound. 
search on 4 threads. current is the 2th thread.
search on 4 threads. current is the 3th thread.
add 1 reads, meet the search bound. 
build_may_read_from, current history is: 1, rf_set size is : 2 
current read action location: 4215288, threadid : 2 
In process read: current localvec size is 1.
The size of localvec is 1.[location: 00000000004051F4,  seq_num: 8. value: 1]	
thread localvec size: 1 
Process read: read locally. 
localvec has no variable. randomly select from rf_set. 
rf_set size is: 2. 

 current action type is  atomic write  . on thread 2, sequence number is : 20 , mo_type is : relaxed. 

 Process write action. Updates local vec in thread 2 - The size of localvec is 1.[location: 00000000004051F4,  seq_num: 8. value: 1]	
calling the get_next_thread. 

 current action type is  atomic read   . on thread 2, sequence number is : 21 , mo_type is : relaxed. 
Current instr. nums: 7. 
Change Priority Points:  [0]: 5  
 no external read job. - read local 
search on 4 threads. current is the 0th thread.
search on 4 threads. current is the 1th thread.
add 1 reads, meet the search bound. 
search on 4 threads. current is the 2th thread.
search on 4 threads. current is the 3th thread.
add 1 reads, meet the search bound. 
build_may_read_from, current history is: 1, rf_set size is : 2 
current read action location: 4215288, threadid : 2 
In process read: current localvec size is 1.
The size of localvec is 1.[location: 00000000004051F4,  seq_num: 8. value: 1]	
thread localvec size: 1 
Process read: read locally. 
localvec has no variable. randomly select from rf_set. 
rf_set size is: 2. 

 current action type is  atomic write  . on thread 2, sequence number is : 22 , mo_type is : relaxed. 

 Process write action. Updates local vec in thread 2 - The size of localvec is 1.[location: 00000000004051F4,  seq_num: 8. value: 1]	
calling the get_next_thread. 

 current action type is  atomic read   . on thread 2, sequence number is : 23 , mo_type is : relaxed. 
Current instr. nums: 8. 
Change Priority Points:  [0]: 5  
 no external read job. - read local 
search on 4 threads. current is the 0th thread.
search on 4 threads. current is the 1th thread.
add 1 reads, meet the search bound. 
search on 4 threads. current is the 2th thread.
search on 4 threads. current is the 3th thread.
add 1 reads, meet the search bound. 
build_may_read_from, current history is: 1, rf_set size is : 2 
current read action location: 4215288, threadid : 2 
In process read: current localvec size is 1.
The size of localvec is 1.[location: 00000000004051F4,  seq_num: 8. value: 1]	
thread localvec size: 1 
Process read: read locally. 
localvec has no variable. randomly select from rf_set. 
rf_set size is: 2. 

 current action type is  atomic write  . on thread 2, sequence number is : 24 , mo_type is : relaxed. 

 Process write action. Updates local vec in thread 2 - The size of localvec is 1.[location: 00000000004051F4,  seq_num: 8. value: 1]	
calling the get_next_thread. 

 current action type is  atomic read   . on thread 2, sequence number is : 25 , mo_type is : relaxed. 
Current instr. nums: 9. 
Change Priority Points:  [0]: 5  
 no external read job. - read local 
search on 4 threads. current is the 0th thread.
search on 4 threads. current is the 1th thread.
add 1 reads, meet the search bound. 
search on 4 threads. current is the 2th thread.
search on 4 threads. current is the 3th thread.
add 1 reads, meet the search bound. 
build_may_read_from, current history is: 1, rf_set size is : 2 
current read action location: 4215288, threadid : 2 
In process read: current localvec size is 1.
The size of localvec is 1.[location: 00000000004051F4,  seq_num: 8. value: 1]	
thread localvec size: 1 
Process read: read locally. 
localvec has no variable. randomly select from rf_set. 
rf_set size is: 2. 
current read action location: 4215288, threadid : 2 
In process read: current localvec size is 1.
The size of localvec is 1.[location: 00000000004051F4,  seq_num: 8. value: 1]	
thread localvec size: 1 
Process read: read locally. 
localvec has no variable. randomly select from rf_set. 
rf_set size is: 1. 

 current action type is  atomic write  . on thread 2, sequence number is : 26 , mo_type is : relaxed. 

 Process write action. Updates local vec in thread 2 - The size of localvec is 1.[location: 00000000004051F4,  seq_num: 8. value: 1]	
calling the get_next_thread. 

 current action type is  atomic read   . on thread 2, sequence number is : 27 , mo_type is : relaxed. 
Current instr. nums: 10. 
Change Priority Points:  [0]: 5  
 no external read job. - read local 
search on 4 threads. current is the 0th thread.
search on 4 threads. current is the 1th thread.
add 1 reads, meet the search bound. 
search on 4 threads. current is the 2th thread.
search on 4 threads. current is the 3th thread.
add 1 reads, meet the search bound. 
build_may_read_from, current history is: 1, rf_set size is : 2 
current read action location: 4215288, threadid : 2 
In process read: current localvec size is 1.
The size of localvec is 1.[location: 00000000004051F4,  seq_num: 8. value: 1]	
thread localvec size: 1 
Process read: read locally. 
localvec has no variable. randomly select from rf_set. 
rf_set size is: 2. 
current read action location: 4215288, threadid : 2 
In process read: current localvec size is 1.
The size of localvec is 1.[location: 00000000004051F4,  seq_num: 8. value: 1]	
thread localvec size: 1 
Process read: read locally. 
localvec has no variable. randomly select from rf_set. 
rf_set size is: 1. 

 current action type is  atomic write  . on thread 2, sequence number is : 28 , mo_type is : relaxed. 

 Process write action. Updates local vec in thread 2 - The size of localvec is 1.[location: 00000000004051F4,  seq_num: 8. value: 1]	
calling the get_next_thread. 

 current action type is  atomic read   . on thread 2, sequence number is : 29 , mo_type is : relaxed. 
Current instr. nums: 11. 
Change Priority Points:  [0]: 5  
 no external read job. - read local 
search on 4 threads. current is the 0th thread.
search on 4 threads. current is the 1th thread.
add 1 reads, meet the search bound. 
search on 4 threads. current is the 2th thread.
search on 4 threads. current is the 3th thread.
add 1 reads, meet the search bound. 
build_may_read_from, current history is: 1, rf_set size is : 2 
current read action location: 4215288, threadid : 2 
In process read: current localvec size is 1.
The size of localvec is 1.[location: 00000000004051F4,  seq_num: 8. value: 1]	
thread localvec size: 1 
Process read: read locally. 
localvec has no variable. randomly select from rf_set. 
rf_set size is: 2. 

 current action type is  atomic write  . on thread 2, sequence number is : 30 , mo_type is : relaxed. 

 Process write action. Updates local vec in thread 2 - The size of localvec is 1.[location: 00000000004051F4,  seq_num: 8. value: 1]	
calling the get_next_thread. 

 current action type is  atomic read   . on thread 2, sequence number is : 31 , mo_type is : relaxed. 
Current instr. nums: 12. 
Change Priority Points:  [0]: 5  
 no external read job. - read local 
search on 4 threads. current is the 0th thread.
search on 4 threads. current is the 1th thread.
add 1 reads, meet the search bound. 
search on 4 threads. current is the 2th thread.
search on 4 threads. current is the 3th thread.
add 1 reads, meet the search bound. 
build_may_read_from, current history is: 1, rf_set size is : 2 
current read action location: 4215288, threadid : 2 
In process read: current localvec size is 1.
The size of localvec is 1.[location: 00000000004051F4,  seq_num: 8. value: 1]	
thread localvec size: 1 
Process read: read locally. 
localvec has no variable. randomly select from rf_set. 
rf_set size is: 2. 

 current action type is  thread finish . on thread 2, sequence number is : 32 , mo_type is : seq_cst. 
calling the get_next_thread. 

 current action type is  pthread join  . on thread 1, sequence number is : 33 , mo_type is : seq_cst. 
calling the get_next_thread. 

 current action type is  atomic read   . on thread 3, sequence number is : 34 , mo_type is : relaxed. 
Current instr. nums: 13. 
Change Priority Points:  [0]: 5  
we meet a pending read again have read external job. - read external
search on 4 threads. current is the 0th thread.
search on 4 threads. current is the 1th thread.
add 1 reads, meet the search bound. 
search on 4 threads. current is the 2th thread.
add 1 reads, meet the search bound. 
search on 4 threads. current is the 3th thread.
build_may_read_from, current history is: 1, rf_set size is : 2 
current read action location: 4215284, threadid : 3 
In process read: current localvec size is 1.
The size of localvec is 1.[location: 00000000004051F8,  seq_num: 9. value: 1]	
Process read: read externally. 
external_readnum job each thread: thread : 0 does not need read externally. thread : 1 does not need read externally. thread : 2 does not need read externally. thread : 3 does not need read externally. 

 current action type is  atomic write  . on thread 3, sequence number is : 35 , mo_type is : relaxed. 

 Process write action. Updates local vec in thread 3 - The size of localvec is 2.[location: 00000000004051F8,  seq_num: 9. value: 1]	[location: 00000000004051F4,  seq_num: 30. value: 1]	
calling the get_next_thread. 

 current action type is  atomic read   . on thread 3, sequence number is : 36 , mo_type is : relaxed. 
Current instr. nums: 14. 
Change Priority Points:  [0]: 5  
 no external read job. - read local 
search on 4 threads. current is the 0th thread.
search on 4 threads. current is the 1th thread.
add 1 reads, meet the search bound. 
search on 4 threads. current is the 2th thread.
add 1 reads, meet the search bound. 
search on 4 threads. current is the 3th thread.
build_may_read_from, current history is: 1, rf_set size is : 2 
current read action location: 4215284, threadid : 3 
In process read: current localvec size is 2.
The size of localvec is 2.[location: 00000000004051F8,  seq_num: 9. value: 1]	[location: 00000000004051F4,  seq_num: 30. value: 1]	
thread localvec size: 2 
Process read: read locally. 
local vec has such write, seqnum:30 
localvec has such variable 

 current action type is  atomic write  . on thread 3, sequence number is : 37 , mo_type is : relaxed. 

 Process write action. Updates local vec in thread 3 - The size of localvec is 2.[location: 00000000004051F8,  seq_num: 9. value: 1]	[location: 00000000004051F4,  seq_num: 30. value: 1]	
calling the get_next_thread. 

 current action type is  atomic read   . on thread 3, sequence number is : 38 , mo_type is : relaxed. 
Current instr. nums: 15. 
Change Priority Points:  [0]: 5  
 no external read job. - read local 
search on 4 threads. current is the 0th thread.
search on 4 threads. current is the 1th thread.
add 1 reads, meet the search bound. 
search on 4 threads. current is the 2th thread.
add 1 reads, meet the search bound. 
search on 4 threads. current is the 3th thread.
build_may_read_from, current history is: 1, rf_set size is : 2 
current read action location: 4215284, threadid : 3 
In process read: current localvec size is 2.
The size of localvec is 2.[location: 00000000004051F8,  seq_num: 9. value: 1]	[location: 00000000004051F4,  seq_num: 30. value: 1]	
thread localvec size: 2 
Process read: read locally. 
local vec has such write, seqnum:30 
localvec has such variable 

 current action type is  thread finish . on thread 3, sequence number is : 39 , mo_type is : seq_cst. 
calling the get_next_thread. 

 current action type is  pthread join  . on thread 1, sequence number is : 40 , mo_type is : seq_cst. 
Program output from execution 1:
---- BEGIN PROGRAM OUTPUT ----
---- END PROGRAM OUTPUT   ----

Bug report: 1 bug detected
  [BUG] Program has hit assertion in file verify_runtime at line 0


******* Model-checking complete: *******
Number of complete, bug-free executions: 0
Number of buggy executions: 1
Total executions: 1

=================================================================
[PCTWM ASSERTION FAILED] Assertion failed: "!(a & b)"
Recorded Variable State:
  a = true
  b = true
=================================================================


--- Run #3 ---
C11Tester
Copyright (c) 2013 and 2019 Regents of the University of California. All rights reserved.
Distributed under the GPLv2
Written by Weiyu Luo, Brian Norris, and Brian Demsky

Print current params: 
-v[NUM], --verbose[=NUM]   Default: 0 Now: 0
-x, --maxexec=NUM           Maximum number of executions. Default: 10 Now: 1
-m, --minsize=NUM           Minimum number of actions to keep Default: 0 Now: 0
-f, --freqfree=NUM          Frequency to free actions Default:500000 Now: 500000
-l, --maxscheduler=NUM		 Scheduler length limitation Default:50 Now: 20
-b, --bugdepth=NUM			 bugdepth Default:5 Now: 1
-p, --version=NUM			 c11testerversion Default:0 Now: 1
-i, --maxinstr=NUM			 read num bounds: Default:30 Now: 43
-y, --history=NUM			 rf_set searcg bounds: Default:20 Now: 1
The limit of read nums is 215. 
using pct version now. 
Change Priority Points:  [0]: 5  

 current action type is  thread start  . on thread 1, sequence number is : 1 , mo_type is : seq_cst. 

 current action type is  atomic write  . on thread 1, sequence number is : 2 , mo_type is : relaxed. 

 Process write action. Updates local vec in thread 1 - The size of localvec is 1.[location: 00000000004051F4,  seq_num: 2. value: 0]	

 current action type is  atomic write  . on thread 1, sequence number is : 3 , mo_type is : relaxed. 

 Process write action. Updates local vec in thread 1 - The size of localvec is 2.[location: 00000000004051F4,  seq_num: 2. value: 0]	[location: 00000000004051F8,  seq_num: 3. value: 0]	

 current action type is  pthread create. on thread 1, sequence number is : 4 , mo_type is : seq_cst. 

 current action type is  thread start  . on thread 2, sequence number is : 5 , mo_type is : seq_cst. 

 current action type is  pthread create. on thread 1, sequence number is : 6 , mo_type is : seq_cst. 

 current action type is  thread start  . on thread 3, sequence number is : 7 , mo_type is : seq_cst. 

 current action type is  atomic write  . on thread 2, sequence number is : 8 , mo_type is : relaxed. 

 Process write action. Updates local vec in thread 2 - The size of localvec is 1.[location: 00000000004051F4,  seq_num: 8. value: 1]	

 current action type is  atomic write  . on thread 3, sequence number is : 9 , mo_type is : relaxed. 

 Process write action. Updates local vec in thread 3 - The size of localvec is 1.[location: 00000000004051F8,  seq_num: 9. value: 1]	
calling the get_next_thread. 

 current action type is  atomic read   . on thread 3, sequence number is : 10 , mo_type is : relaxed. 
Current instr. nums: 1. 
Change Priority Points:  [0]: 5  
 no external read job. - read local 
search on 4 threads. current is the 0th thread.
search on 4 threads. current is the 1th thread.
add 1 reads, meet the search bound. 
search on 4 threads. current is the 2th thread.
add 1 reads, meet the search bound. 
search on 4 threads. current is the 3th thread.
build_may_read_from, current history is: 1, rf_set size is : 2 
current read action location: 4215284, threadid : 3 
In process read: current localvec size is 1.
The size of localvec is 1.[location: 00000000004051F8,  seq_num: 9. value: 1]	
thread localvec size: 1 
Process read: read locally. 
localvec has no variable. randomly select from rf_set. 
rf_set size is: 2. 

 current action type is  atomic write  . on thread 3, sequence number is : 11 , mo_type is : relaxed. 

 Process write action. Updates local vec in thread 3 - The size of localvec is 1.[location: 00000000004051F8,  seq_num: 9. value: 1]	
calling the get_next_thread. 

 current action type is  atomic read   . on thread 3, sequence number is : 12 , mo_type is : relaxed. 
Current instr. nums: 2. 
Change Priority Points:  [0]: 5  
 no external read job. - read local 
search on 4 threads. current is the 0th thread.
search on 4 threads. current is the 1th thread.
add 1 reads, meet the search bound. 
search on 4 threads. current is the 2th thread.
add 1 reads, meet the search bound. 
search on 4 threads. current is the 3th thread.
build_may_read_from, current history is: 1, rf_set size is : 2 
current read action location: 4215284, threadid : 3 
In process read: current localvec size is 1.
The size of localvec is 1.[location: 00000000004051F8,  seq_num: 9. value: 1]	
thread localvec size: 1 
Process read: read locally. 
localvec has no variable. randomly select from rf_set. 
rf_set size is: 2. 

 current action type is  atomic write  . on thread 3, sequence number is : 13 , mo_type is : relaxed. 

 Process write action. Updates local vec in thread 3 - The size of localvec is 1.[location: 00000000004051F8,  seq_num: 9. value: 1]	
calling the get_next_thread. 

 current action type is  atomic read   . on thread 3, sequence number is : 14 , mo_type is : relaxed. 
Current instr. nums: 3. 
Change Priority Points:  [0]: 5  
 no external read job. - read local 
search on 4 threads. current is the 0th thread.
search on 4 threads. current is the 1th thread.
add 1 reads, meet the search bound. 
search on 4 threads. current is the 2th thread.
add 1 reads, meet the search bound. 
search on 4 threads. current is the 3th thread.
build_may_read_from, current history is: 1, rf_set size is : 2 
current read action location: 4215284, threadid : 3 
In process read: current localvec size is 1.
The size of localvec is 1.[location: 00000000004051F8,  seq_num: 9. value: 1]	
thread localvec size: 1 
Process read: read locally. 
localvec has no variable. randomly select from rf_set. 
rf_set size is: 2. 

 current action type is  atomic write  . on thread 3, sequence number is : 15 , mo_type is : relaxed. 

 Process write action. Updates local vec in thread 3 - The size of localvec is 1.[location: 00000000004051F8,  seq_num: 9. value: 1]	
calling the get_next_thread. 

 current action type is  atomic read   . on thread 3, sequence number is : 16 , mo_type is : relaxed. 
Current instr. nums: 4. 
Change Priority Points:  [0]: 5  
 no external read job. - read local 
search on 4 threads. current is the 0th thread.
search on 4 threads. current is the 1th thread.
add 1 reads, meet the search bound. 
search on 4 threads. current is the 2th thread.
add 1 reads, meet the search bound. 
search on 4 threads. current is the 3th thread.
build_may_read_from, current history is: 1, rf_set size is : 2 
current read action location: 4215284, threadid : 3 
In process read: current localvec size is 1.
The size of localvec is 1.[location: 00000000004051F8,  seq_num: 9. value: 1]	
thread localvec size: 1 
Process read: read locally. 
localvec has no variable. randomly select from rf_set. 
rf_set size is: 2. 

 current action type is  atomic write  . on thread 3, sequence number is : 17 , mo_type is : relaxed. 

 Process write action. Updates local vec in thread 3 - The size of localvec is 1.[location: 00000000004051F8,  seq_num: 9. value: 1]	
calling the get_next_thread. 

 current action type is  atomic read   . on thread 3, sequence number is : 18 , mo_type is : relaxed. 
Current instr. nums: 5. 
Change Priority Points:  [0]: 5  
reach the 0 change point. Change priority of thread 3. 
high priority vector: [0] : 3[1] : 2[2] : 1
Low priority threads:  [0]: 0  
high priority vector: [0] : -1[1] : 2[2] : 1
Low priority threads:  [0]: 3  
change point. current 2 avail threads.thread: 2, thread: 3, 
currently highest prio thread - thread 2. 
external_readnum job each thread: thread : 0 does not need read externally. thread : 1 does not need read externally. thread : 2 does not need read externally. thread : 3 need read externally. 
Change Priority Points:  [0]: 5  
now we are at the 0 change point. 
now we reselect the highest prio thread. 
now change point: select the new highest thread.current 2 avail threads.thread: 2, thread: 3, 
return the highest thread: 2 

 current action type is  atomic read   . on thread 2, sequence number is : 19 , mo_type is : relaxed. 
Current instr. nums: 6. 
Change Priority Points:  [0]: 5  
 no external read job. - read local 
search on 4 threads. current is the 0th thread.
search on 4 threads. current is the 1th thread.
add 1 reads, meet the search bound. 
search on 4 threads. current is the 2th thread.
search on 4 threads. current is the 3th thread.
add 1 reads, meet the search bound. 
build_may_read_from, current history is: 1, rf_set size is : 2 
current read action location: 4215288, threadid : 2 
In process read: current localvec size is 1.
The size of localvec is 1.[location: 00000000004051F4,  seq_num: 8. value: 1]	
thread localvec size: 1 
Process read: read locally. 
localvec has no variable. randomly select from rf_set. 
rf_set size is: 2. 

 current action type is  atomic write  . on thread 2, sequence number is : 20 , mo_type is : relaxed. 

 Process write action. Updates local vec in thread 2 - The size of localvec is 1.[location: 00000000004051F4,  seq_num: 8. value: 1]	
calling the get_next_thread. 

 current action type is  atomic read   . on thread 2, sequence number is : 21 , mo_type is : relaxed. 
Current instr. nums: 7. 
Change Priority Points:  [0]: 5  
 no external read job. - read local 
search on 4 threads. current is the 0th thread.
search on 4 threads. current is the 1th thread.
add 1 reads, meet the search bound. 
search on 4 threads. current is the 2th thread.
search on 4 threads. current is the 3th thread.
add 1 reads, meet the search bound. 
build_may_read_from, current history is: 1, rf_set size is : 2 
current read action location: 4215288, threadid : 2 
In process read: current localvec size is 1.
The size of localvec is 1.[location: 00000000004051F4,  seq_num: 8. value: 1]	
thread localvec size: 1 
Process read: read locally. 
localvec has no variable. randomly select from rf_set. 
rf_set size is: 2. 

 current action type is  atomic write  . on thread 2, sequence number is : 22 , mo_type is : relaxed. 

 Process write action. Updates local vec in thread 2 - The size of localvec is 1.[location: 00000000004051F4,  seq_num: 8. value: 1]	
calling the get_next_thread. 

 current action type is  atomic read   . on thread 2, sequence number is : 23 , mo_type is : relaxed. 
Current instr. nums: 8. 
Change Priority Points:  [0]: 5  
 no external read job. - read local 
search on 4 threads. current is the 0th thread.
search on 4 threads. current is the 1th thread.
add 1 reads, meet the search bound. 
search on 4 threads. current is the 2th thread.
search on 4 threads. current is the 3th thread.
add 1 reads, meet the search bound. 
build_may_read_from, current history is: 1, rf_set size is : 2 
current read action location: 4215288, threadid : 2 
In process read: current localvec size is 1.
The size of localvec is 1.[location: 00000000004051F4,  seq_num: 8. value: 1]	
thread localvec size: 1 
Process read: read locally. 
localvec has no variable. randomly select from rf_set. 
rf_set size is: 2. 

 current action type is  atomic write  . on thread 2, sequence number is : 24 , mo_type is : relaxed. 

 Process write action. Updates local vec in thread 2 - The size of localvec is 1.[location: 00000000004051F4,  seq_num: 8. value: 1]	
calling the get_next_thread. 

 current action type is  atomic read   . on thread 2, sequence number is : 25 , mo_type is : relaxed. 
Current instr. nums: 9. 
Change Priority Points:  [0]: 5  
 no external read job. - read local 
search on 4 threads. current is the 0th thread.
search on 4 threads. current is the 1th thread.
add 1 reads, meet the search bound. 
search on 4 threads. current is the 2th thread.
search on 4 threads. current is the 3th thread.
add 1 reads, meet the search bound. 
build_may_read_from, current history is: 1, rf_set size is : 2 
current read action location: 4215288, threadid : 2 
In process read: current localvec size is 1.
The size of localvec is 1.[location: 00000000004051F4,  seq_num: 8. value: 1]	
thread localvec size: 1 
Process read: read locally. 
localvec has no variable. randomly select from rf_set. 
rf_set size is: 2. 
current read action location: 4215288, threadid : 2 
In process read: current localvec size is 1.
The size of localvec is 1.[location: 00000000004051F4,  seq_num: 8. value: 1]	
thread localvec size: 1 
Process read: read locally. 
localvec has no variable. randomly select from rf_set. 
rf_set size is: 1. 

 current action type is  atomic write  . on thread 2, sequence number is : 26 , mo_type is : relaxed. 

 Process write action. Updates local vec in thread 2 - The size of localvec is 1.[location: 00000000004051F4,  seq_num: 8. value: 1]	
calling the get_next_thread. 

 current action type is  atomic read   . on thread 2, sequence number is : 27 , mo_type is : relaxed. 
Current instr. nums: 10. 
Change Priority Points:  [0]: 5  
 no external read job. - read local 
search on 4 threads. current is the 0th thread.
search on 4 threads. current is the 1th thread.
add 1 reads, meet the search bound. 
search on 4 threads. current is the 2th thread.
search on 4 threads. current is the 3th thread.
add 1 reads, meet the search bound. 
build_may_read_from, current history is: 1, rf_set size is : 2 
current read action location: 4215288, threadid : 2 
In process read: current localvec size is 1.
The size of localvec is 1.[location: 00000000004051F4,  seq_num: 8. value: 1]	
thread localvec size: 1 
Process read: read locally. 
localvec has no variable. randomly select from rf_set. 
rf_set size is: 2. 

 current action type is  atomic write  . on thread 2, sequence number is : 28 , mo_type is : relaxed. 

 Process write action. Updates local vec in thread 2 - The size of localvec is 1.[location: 00000000004051F4,  seq_num: 8. value: 1]	
calling the get_next_thread. 

 current action type is  atomic read   . on thread 2, sequence number is : 29 , mo_type is : relaxed. 
Current instr. nums: 11. 
Change Priority Points:  [0]: 5  
 no external read job. - read local 
search on 4 threads. current is the 0th thread.
search on 4 threads. current is the 1th thread.
add 1 reads, meet the search bound. 
search on 4 threads. current is the 2th thread.
search on 4 threads. current is the 3th thread.
add 1 reads, meet the search bound. 
build_may_read_from, current history is: 1, rf_set size is : 2 
current read action location: 4215288, threadid : 2 
In process read: current localvec size is 1.
The size of localvec is 1.[location: 00000000004051F4,  seq_num: 8. value: 1]	
thread localvec size: 1 
Process read: read locally. 
localvec has no variable. randomly select from rf_set. 
rf_set size is: 2. 
current read action location: 4215288, threadid : 2 
In process read: current localvec size is 1.
The size of localvec is 1.[location: 00000000004051F4,  seq_num: 8. value: 1]	
thread localvec size: 1 
Process read: read locally. 
localvec has no variable. randomly select from rf_set. 
rf_set size is: 1. 

 current action type is  atomic write  . on thread 2, sequence number is : 30 , mo_type is : relaxed. 

 Process write action. Updates local vec in thread 2 - The size of localvec is 1.[location: 00000000004051F4,  seq_num: 8. value: 1]	
calling the get_next_thread. 

 current action type is  atomic read   . on thread 2, sequence number is : 31 , mo_type is : relaxed. 
Current instr. nums: 12. 
Change Priority Points:  [0]: 5  
 no external read job. - read local 
search on 4 threads. current is the 0th thread.
search on 4 threads. current is the 1th thread.
add 1 reads, meet the search bound. 
search on 4 threads. current is the 2th thread.
search on 4 threads. current is the 3th thread.
add 1 reads, meet the search bound. 
build_may_read_from, current history is: 1, rf_set size is : 2 
current read action location: 4215288, threadid : 2 
In process read: current localvec size is 1.
The size of localvec is 1.[location: 00000000004051F4,  seq_num: 8. value: 1]	
thread localvec size: 1 
Process read: read locally. 
localvec has no variable. randomly select from rf_set. 
rf_set size is: 2. 

 current action type is  thread finish . on thread 2, sequence number is : 32 , mo_type is : seq_cst. 
calling the get_next_thread. 

 current action type is  pthread join  . on thread 1, sequence number is : 33 , mo_type is : seq_cst. 
calling the get_next_thread. 

 current action type is  atomic read   . on thread 3, sequence number is : 34 , mo_type is : relaxed. 
Current instr. nums: 13. 
Change Priority Points:  [0]: 5  
we meet a pending read again have read external job. - read external
search on 4 threads. current is the 0th thread.
search on 4 threads. current is the 1th thread.
add 1 reads, meet the search bound. 
search on 4 threads. current is the 2th thread.
add 1 reads, meet the search bound. 
search on 4 threads. current is the 3th thread.
build_may_read_from, current history is: 1, rf_set size is : 2 
current read action location: 4215284, threadid : 3 
In process read: current localvec size is 1.
The size of localvec is 1.[location: 00000000004051F8,  seq_num: 9. value: 1]	
Process read: read externally. 
current read action location: 4215284, threadid : 3 
In process read: current localvec size is 2.
The size of localvec is 2.[location: 00000000004051F8,  seq_num: 9. value: 1]	[location: 00000000004051F4,  seq_num: 2. value: 0]	
Process read: read externally. 
external_readnum job each thread: thread : 0 does not need read externally. thread : 1 does not need read externally. thread : 2 does not need read externally. thread : 3 does not need read externally. 

 current action type is  atomic write  . on thread 3, sequence number is : 35 , mo_type is : relaxed. 

 Process write action. Updates local vec in thread 3 - The size of localvec is 2.[location: 00000000004051F8,  seq_num: 9. value: 1]	[location: 00000000004051F4,  seq_num: 2. value: 0]	
calling the get_next_thread. 

 current action type is  atomic read   . on thread 3, sequence number is : 36 , mo_type is : relaxed. 
Current instr. nums: 14. 
Change Priority Points:  [0]: 5  
 no external read job. - read local 
search on 4 threads. current is the 0th thread.
search on 4 threads. current is the 1th thread.
add 1 reads, meet the search bound. 
search on 4 threads. current is the 2th thread.
add 1 reads, meet the search bound. 
search on 4 threads. current is the 3th thread.
build_may_read_from, current history is: 1, rf_set size is : 2 
current read action location: 4215284, threadid : 3 
In process read: current localvec size is 2.
The size of localvec is 2.[location: 00000000004051F8,  seq_num: 9. value: 1]	[location: 00000000004051F4,  seq_num: 2. value: 0]	
thread localvec size: 2 
Process read: read locally. 
local vec has such write, seqnum:2 
localvec has such variable 
current read action location: 4215284, threadid : 3 
In process read: current localvec size is 2.
The size of localvec is 2.[location: 00000000004051F8,  seq_num: 9. value: 1]	[location: 00000000004051F4,  seq_num: 2. value: 0]	
thread localvec size: 2 
Process read: read locally. 
local vec has such write, seqnum:2 
localvec has one variable. but not in the rf_set 
rf_set size is: 1. 

 current action type is  atomic write  . on thread 3, sequence number is : 37 , mo_type is : relaxed. 

 Process write action. Updates local vec in thread 3 - The size of localvec is 2.[location: 00000000004051F8,  seq_num: 9. value: 1]	[location: 00000000004051F4,  seq_num: 2. value: 0]	
calling the get_next_thread. 

 current action type is  atomic read   . on thread 3, sequence number is : 38 , mo_type is : relaxed. 
Current instr. nums: 15. 
Change Priority Points:  [0]: 5  
 no external read job. - read local 
search on 4 threads. current is the 0th thread.
search on 4 threads. current is the 1th thread.
add 1 reads, meet the search bound. 
search on 4 threads. current is the 2th thread.
add 1 reads, meet the search bound. 
search on 4 threads. current is the 3th thread.
build_may_read_from, current history is: 1, rf_set size is : 2 
current read action location: 4215284, threadid : 3 
In process read: current localvec size is 2.
The size of localvec is 2.[location: 00000000004051F8,  seq_num: 9. value: 1]	[location: 00000000004051F4,  seq_num: 2. value: 0]	
thread localvec size: 2 
Process read: read locally. 
local vec has such write, seqnum:2 
localvec has such variable 
current read action location: 4215284, threadid : 3 
In process read: current localvec size is 2.
The size of localvec is 2.[location: 00000000004051F8,  seq_num: 9. value: 1]	[location: 00000000004051F4,  seq_num: 2. value: 0]	
thread localvec size: 2 
Process read: read locally. 
local vec has such write, seqnum:2 
localvec has one variable. but not in the rf_set 
rf_set size is: 1. 

 current action type is  thread finish . on thread 3, sequence number is : 39 , mo_type is : seq_cst. 
calling the get_next_thread. 

 current action type is  pthread join  . on thread 1, sequence number is : 40 , mo_type is : seq_cst. 
Program output from execution 1:
---- BEGIN PROGRAM OUTPUT ----
---- END PROGRAM OUTPUT   ----

Bug report: 1 bug detected
  [BUG] Program has hit assertion in file verify_runtime at line 0


******* Model-checking complete: *******
Number of complete, bug-free executions: 0
Number of buggy executions: 1
Total executions: 1

=================================================================
[PCTWM ASSERTION FAILED] Assertion failed: "!(a & b)"
Recorded Variable State:
  a = true
  b = true
=================================================================


--- Run #4 ---
C11Tester
Copyright (c) 2013 and 2019 Regents of the University of California. All rights reserved.
Distributed under the GPLv2
Written by Weiyu Luo, Brian Norris, and Brian Demsky

Print current params: 
-v[NUM], --verbose[=NUM]   Default: 0 Now: 0
-x, --maxexec=NUM           Maximum number of executions. Default: 10 Now: 1
-m, --minsize=NUM           Minimum number of actions to keep Default: 0 Now: 0
-f, --freqfree=NUM          Frequency to free actions Default:500000 Now: 500000
-l, --maxscheduler=NUM		 Scheduler length limitation Default:50 Now: 20
-b, --bugdepth=NUM			 bugdepth Default:5 Now: 1
-p, --version=NUM			 c11testerversion Default:0 Now: 1
-i, --maxinstr=NUM			 read num bounds: Default:30 Now: 43
-y, --history=NUM			 rf_set searcg bounds: Default:20 Now: 1
The limit of read nums is 215. 
using pct version now. 
Change Priority Points:  [0]: 5  

 current action type is  thread start  . on thread 1, sequence number is : 1 , mo_type is : seq_cst. 

 current action type is  atomic write  . on thread 1, sequence number is : 2 , mo_type is : relaxed. 

 Process write action. Updates local vec in thread 1 - The size of localvec is 1.[location: 00000000004051F4,  seq_num: 2. value: 0]	

 current action type is  atomic write  . on thread 1, sequence number is : 3 , mo_type is : relaxed. 

 Process write action. Updates local vec in thread 1 - The size of localvec is 2.[location: 00000000004051F4,  seq_num: 2. value: 0]	[location: 00000000004051F8,  seq_num: 3. value: 0]	

 current action type is  pthread create. on thread 1, sequence number is : 4 , mo_type is : seq_cst. 

 current action type is  thread start  . on thread 2, sequence number is : 5 , mo_type is : seq_cst. 

 current action type is  pthread create. on thread 1, sequence number is : 6 , mo_type is : seq_cst. 

 current action type is  thread start  . on thread 3, sequence number is : 7 , mo_type is : seq_cst. 

 current action type is  atomic write  . on thread 2, sequence number is : 8 , mo_type is : relaxed. 

 Process write action. Updates local vec in thread 2 - The size of localvec is 1.[location: 00000000004051F4,  seq_num: 8. value: 1]	

 current action type is  atomic write  . on thread 3, sequence number is : 9 , mo_type is : relaxed. 

 Process write action. Updates local vec in thread 3 - The size of localvec is 1.[location: 00000000004051F8,  seq_num: 9. value: 1]	
calling the get_next_thread. 

 current action type is  atomic read   . on thread 2, sequence number is : 10 , mo_type is : relaxed. 
Current instr. nums: 1. 
Change Priority Points:  [0]: 5  
 no external read job. - read local 
search on 4 threads. current is the 0th thread.
search on 4 threads. current is the 1th thread.
add 1 reads, meet the search bound. 
search on 4 threads. current is the 2th thread.
search on 4 threads. current is the 3th thread.
add 1 reads, meet the search bound. 
build_may_read_from, current history is: 1, rf_set size is : 2 
current read action location: 4215288, threadid : 2 
In process read: current localvec size is 1.
The size of localvec is 1.[location: 00000000004051F4,  seq_num: 8. value: 1]	
thread localvec size: 1 
Process read: read locally. 
localvec has no variable. randomly select from rf_set. 
rf_set size is: 2. 

 current action type is  atomic write  . on thread 2, sequence number is : 11 , mo_type is : relaxed. 

 Process write action. Updates local vec in thread 2 - The size of localvec is 1.[location: 00000000004051F4,  seq_num: 8. value: 1]	
calling the get_next_thread. 

 current action type is  atomic read   . on thread 2, sequence number is : 12 , mo_type is : relaxed. 
Current instr. nums: 2. 
Change Priority Points:  [0]: 5  
 no external read job. - read local 
search on 4 threads. current is the 0th thread.
search on 4 threads. current is the 1th thread.
add 1 reads, meet the search bound. 
search on 4 threads. current is the 2th thread.
search on 4 threads. current is the 3th thread.
add 1 reads, meet the search bound. 
build_may_read_from, current history is: 1, rf_set size is : 2 
current read action location: 4215288, threadid : 2 
In process read: current localvec size is 1.
The size of localvec is 1.[location: 00000000004051F4,  seq_num: 8. value: 1]	
thread localvec size: 1 
Process read: read locally. 
localvec has no variable. randomly select from rf_set. 
rf_set size is: 2. 

 current action type is  atomic write  . on thread 2, sequence number is : 13 , mo_type is : relaxed. 

 Process write action. Updates local vec in thread 2 - The size of localvec is 1.[location: 00000000004051F4,  seq_num: 8. value: 1]	
calling the get_next_thread. 

 current action type is  atomic read   . on thread 2, sequence number is : 14 , mo_type is : relaxed. 
Current instr. nums: 3. 
Change Priority Points:  [0]: 5  
 no external read job. - read local 
search on 4 threads. current is the 0th thread.
search on 4 threads. current is the 1th thread.
add 1 reads, meet the search bound. 
search on 4 threads. current is the 2th thread.
search on 4 threads. current is the 3th thread.
add 1 reads, meet the search bound. 
build_may_read_from, current history is: 1, rf_set size is : 2 
current read action location: 4215288, threadid : 2 
In process read: current localvec size is 1.
The size of localvec is 1.[location: 00000000004051F4,  seq_num: 8. value: 1]	
thread localvec size: 1 
Process read: read locally. 
localvec has no variable. randomly select from rf_set. 
rf_set size is: 2. 
current read action location: 4215288, threadid : 2 
In process read: current localvec size is 1.
The size of localvec is 1.[location: 00000000004051F4,  seq_num: 8. value: 1]	
thread localvec size: 1 
Process read: read locally. 
localvec has no variable. randomly select from rf_set. 
rf_set size is: 1. 

 current action type is  atomic write  . on thread 2, sequence number is : 15 , mo_type is : relaxed. 

 Process write action. Updates local vec in thread 2 - The size of localvec is 1.[location: 00000000004051F4,  seq_num: 8. value: 1]	
calling the get_next_thread. 

 current action type is  atomic read   . on thread 2, sequence number is : 16 , mo_type is : relaxed. 
Current instr. nums: 4. 
Change Priority Points:  [0]: 5  
 no external read job. - read local 
search on 4 threads. current is the 0th thread.
search on 4 threads. current is the 1th thread.
add 1 reads, meet the search bound. 
search on 4 threads. current is the 2th thread.
search on 4 threads. current is the 3th thread.
add 1 reads, meet the search bound. 
build_may_read_from, current history is: 1, rf_set size is : 2 
current read action location: 4215288, threadid : 2 
In process read: current localvec size is 1.
The size of localvec is 1.[location: 00000000004051F4,  seq_num: 8. value: 1]	
thread localvec size: 1 
Process read: read locally. 
localvec has no variable. randomly select from rf_set. 
rf_set size is: 2. 

 current action type is  atomic write  . on thread 2, sequence number is : 17 , mo_type is : relaxed. 

 Process write action. Updates local vec in thread 2 - The size of localvec is 1.[location: 00000000004051F4,  seq_num: 8. value: 1]	
calling the get_next_thread. 

 current action type is  atomic read   . on thread 2, sequence number is : 18 , mo_type is : relaxed. 
Current instr. nums: 5. 
Change Priority Points:  [0]: 5  
reach the 0 change point. Change priority of thread 2. 
high priority vector: [0] : 2[1] : 1[2] : 3
Low priority threads:  [0]: 0  
high priority vector: [0] : -1[1] : 1[2] : 3
Low priority threads:  [0]: 2  
change point. current 2 avail threads.thread: 2, thread: 3, 
currently highest prio thread - thread 3. 
external_readnum job each thread: thread : 0 does not need read externally. thread : 1 does not need read externally. thread : 2 need read externally. 
Change Priority Points:  [0]: 5  
now we are at the 0 change point. 
now we reselect the highest prio thread. 
now change point: select the new highest thread.current 2 avail threads.thread: 2, thread: 3, 
return the highest thread: 3 

 current action type is  atomic read   . on thread 3, sequence number is : 19 , mo_type is : relaxed. 
Current instr. nums: 6. 
Change Priority Points:  [0]: 5  
 no external read job. - read local 
search on 4 threads. current is the 0th thread.
search on 4 threads. current is the 1th thread.
add 1 reads, meet the search bound. 
search on 4 threads. current is the 2th thread.
add 1 reads, meet the search bound. 
search on 4 threads. current is the 3th thread.
build_may_read_from, current history is: 1, rf_set size is : 2 
current read action location: 4215284, threadid : 3 
In process read: current localvec size is 1.
The size of localvec is 1.[location: 00000000004051F8,  seq_num: 9. value: 1]	
thread localvec size: 1 
Process read: read locally. 
localvec has no variable. randomly select from rf_set. 
rf_set size is: 2. 

 current action type is  atomic write  . on thread 3, sequence number is : 20 , mo_type is : relaxed. 

 Process write action. Updates local vec in thread 3 - The size of localvec is 1.[location: 00000000004051F8,  seq_num: 9. value: 1]	
calling the get_next_thread. 

 current action type is  atomic read   . on thread 3, sequence number is : 21 , mo_type is : relaxed. 
Current instr. nums: 7. 
Change Priority Points:  [0]: 5  
 no external read job. - read local 
search on 4 threads. current is the 0th thread.
search on 4 threads. current is the 1th thread.
add 1 reads, meet the search bound. 
search on 4 threads. current is the 2th thread.
add 1 reads, meet the search bound. 
search on 4 threads. current is the 3th thread.
build_may_read_from, current history is: 1, rf_set size is : 2 
current read action location: 4215284, threadid : 3 
In process read: current localvec size is 1.
The size of localvec is 1.[location: 00000000004051F8,  seq_num: 9. value: 1]	
thread localvec size: 1 
Process read: read locally. 
localvec has no variable. randomly select from rf_set. 
rf_set size is: 2. 
current read action location: 4215284, threadid : 3 
In process read: current localvec size is 1.
The size of localvec is 1.[location: 00000000004051F8,  seq_num: 9. value: 1]	
thread localvec size: 1 
Process read: read locally. 
localvec has no variable. randomly select from rf_set. 
rf_set size is: 1. 

 current action type is  atomic write  . on thread 3, sequence number is : 22 , mo_type is : relaxed. 

 Process write action. Updates local vec in thread 3 - The size of localvec is 1.[location: 00000000004051F8,  seq_num: 9. value: 1]	
calling the get_next_thread. 

 current action type is  atomic read   . on thread 3, sequence number is : 23 , mo_type is : relaxed. 
Current instr. nums: 8. 
Change Priority Points:  [0]: 5  
 no external read job. - read local 
search on 4 threads. current is the 0th thread.
search on 4 threads. current is the 1th thread.
add 1 reads, meet the search bound. 
search on 4 threads. current is the 2th thread.
add 1 reads, meet the search bound. 
search on 4 threads. current is the 3th thread.
build_may_read_from, current history is: 1, rf_set size is : 2 
current read action location: 4215284, threadid : 3 
In process read: current localvec size is 1.
The size of localvec is 1.[location: 00000000004051F8,  seq_num: 9. value: 1]	
thread localvec size: 1 
Process read: read locally. 
localvec has no variable. randomly select from rf_set. 
rf_set size is: 2. 
current read action location: 4215284, threadid : 3 
In process read: current localvec size is 1.
The size of localvec is 1.[location: 00000000004051F8,  seq_num: 9. value: 1]	
thread localvec size: 1 
Process read: read locally. 
localvec has no variable. randomly select from rf_set. 
rf_set size is: 1. 

 current action type is  atomic write  . on thread 3, sequence number is : 24 , mo_type is : relaxed. 

 Process write action. Updates local vec in thread 3 - The size of localvec is 1.[location: 00000000004051F8,  seq_num: 9. value: 1]	
calling the get_next_thread. 

 current action type is  atomic read   . on thread 3, sequence number is : 25 , mo_type is : relaxed. 
Current instr. nums: 9. 
Change Priority Points:  [0]: 5  
 no external read job. - read local 
search on 4 threads. current is the 0th thread.
search on 4 threads. current is the 1th thread.
add 1 reads, meet the search bound. 
search on 4 threads. current is the 2th thread.
add 1 reads, meet the search bound. 
search on 4 threads. current is the 3th thread.
build_may_read_from, current history is: 1, rf_set size is : 2 
current read action location: 4215284, threadid : 3 
In process read: current localvec size is 1.
The size of localvec is 1.[location: 00000000004051F8,  seq_num: 9. value: 1]	
thread localvec size: 1 
Process read: read locally. 
localvec has no variable. randomly select from rf_set. 
rf_set size is: 2. 
current read action location: 4215284, threadid : 3 
In process read: current localvec size is 1.
The size of localvec is 1.[location: 00000000004051F8,  seq_num: 9. value: 1]	
thread localvec size: 1 
Process read: read locally. 
localvec has no variable. randomly select from rf_set. 
rf_set size is: 1. 

 current action type is  atomic write  . on thread 3, sequence number is : 26 , mo_type is : relaxed. 

 Process write action. Updates local vec in thread 3 - The size of localvec is 1.[location: 00000000004051F8,  seq_num: 9. value: 1]	
calling the get_next_thread. 

 current action type is  atomic read   . on thread 3, sequence number is : 27 , mo_type is : relaxed. 
Current instr. nums: 10. 
Change Priority Points:  [0]: 5  
 no external read job. - read local 
search on 4 threads. current is the 0th thread.
search on 4 threads. current is the 1th thread.
add 1 reads, meet the search bound. 
search on 4 threads. current is the 2th thread.
add 1 reads, meet the search bound. 
search on 4 threads. current is the 3th thread.
build_may_read_from, current history is: 1, rf_set size is : 2 
current read action location: 4215284, threadid : 3 
In process read: current localvec size is 1.
The size of localvec is 1.[location: 00000000004051F8,  seq_num: 9. value: 1]	
thread localvec size: 1 
Process read: read locally. 
localvec has no variable. randomly select from rf_set. 
rf_set size is: 2. 
current read action location: 4215284, threadid : 3 
In process read: current localvec size is 1.
The size of localvec is 1.[location: 00000000004051F8,  seq_num: 9. value: 1]	
thread localvec size: 1 
Process read: read locally. 
localvec has no variable. randomly select from rf_set. 
rf_set size is: 1. 

 current action type is  atomic write  . on thread 3, sequence number is : 28 , mo_type is : relaxed. 

 Process write action. Updates local vec in thread 3 - The size of localvec is 1.[location: 00000000004051F8,  seq_num: 9. value: 1]	
calling the get_next_thread. 

 current action type is  atomic read   . on thread 3, sequence number is : 29 , mo_type is : relaxed. 
Current instr. nums: 11. 
Change Priority Points:  [0]: 5  
 no external read job. - read local 
search on 4 threads. current is the 0th thread.
search on 4 threads. current is the 1th thread.
add 1 reads, meet the search bound. 
search on 4 threads. current is the 2th thread.
add 1 reads, meet the search bound. 
search on 4 threads. current is the 3th thread.
build_may_read_from, current history is: 1, rf_set size is : 2 
current read action location: 4215284, threadid : 3 
In process read: current localvec size is 1.
The size of localvec is 1.[location: 00000000004051F8,  seq_num: 9. value: 1]	
thread localvec size: 1 
Process read: read locally. 
localvec has no variable. randomly select from rf_set. 
rf_set size is: 2. 
current read action location: 4215284, threadid : 3 
In process read: current localvec size is 1.
The size of localvec is 1.[location: 00000000004051F8,  seq_num: 9. value: 1]	
thread localvec size: 1 
Process read: read locally. 
localvec has no variable. randomly select from rf_set. 
rf_set size is: 1. 

 current action type is  atomic write  . on thread 3, sequence number is : 30 , mo_type is : relaxed. 

 Process write action. Updates local vec in thread 3 - The size of localvec is 1.[location: 00000000004051F8,  seq_num: 9. value: 1]	
calling the get_next_thread. 

 current action type is  atomic read   . on thread 3, sequence number is : 31 , mo_type is : relaxed. 
Current instr. nums: 12. 
Change Priority Points:  [0]: 5  
 no external read job. - read local 
search on 4 threads. current is the 0th thread.
search on 4 threads. current is the 1th thread.
add 1 reads, meet the search bound. 
search on 4 threads. current is the 2th thread.
add 1 reads, meet the search bound. 
search on 4 threads. current is the 3th thread.
build_may_read_from, current history is: 1, rf_set size is : 2 
current read action location: 4215284, threadid : 3 
In process read: current localvec size is 1.
The size of localvec is 1.[location: 00000000004051F8,  seq_num: 9. value: 1]	
thread localvec size: 1 
Process read: read locally. 
localvec has no variable. randomly select from rf_set. 
rf_set size is: 2. 
current read action location: 4215284, threadid : 3 
In process read: current localvec size is 1.
The size of localvec is 1.[location: 00000000004051F8,  seq_num: 9. value: 1]	
thread localvec size: 1 
Process read: read locally. 
localvec has no variable. randomly select from rf_set. 
rf_set size is: 1. 

 current action type is  thread finish . on thread 3, sequence number is : 32 , mo_type is : seq_cst. 
calling the get_next_thread. 

 current action type is  atomic read   . on thread 2, sequence number is : 33 , mo_type is : relaxed. 
Current instr. nums: 13. 
Change Priority Points:  [0]: 5  
we meet a pending read again have read external job. - read external
search on 4 threads. current is the 0th thread.
search on 4 threads. current is the 1th thread.
add 1 reads, meet the search bound. 
search on 4 threads. current is the 2th thread.
search on 4 threads. current is the 3th thread.
add 1 reads, meet the search bound. 
build_may_read_from, current history is: 1, rf_set size is : 2 
current read action location: 4215288, threadid : 2 
In process read: current localvec size is 1.
The size of localvec is 1.[location: 00000000004051F4,  seq_num: 8. value: 1]	
Process read: read externally. 
current read action location: 4215288, threadid : 2 
In process read: current localvec size is 2.
The size of localvec is 2.[location: 00000000004051F4,  seq_num: 8. value: 1]	[location: 00000000004051F8,  seq_num: 3. value: 0]	
Process read: read externally. 
external_readnum job each thread: thread : 0 does not need read externally. thread : 1 does not need read externally. thread : 2 does not need read externally. thread : 3 does not need read externally. 

 current action type is  atomic write  . on thread 2, sequence number is : 34 , mo_type is : relaxed. 

 Process write action. Updates local vec in thread 2 - The size of localvec is 2.[location: 00000000004051F4,  seq_num: 8. value: 1]	[location: 00000000004051F8,  seq_num: 3. value: 0]	
calling the get_next_thread. 

 current action type is  atomic read   . on thread 2, sequence number is : 35 , mo_type is : relaxed. 
Current instr. nums: 14. 
Change Priority Points:  [0]: 5  
 no external read job. - read local 
search on 4 threads. current is the 0th thread.
search on 4 threads. current is the 1th thread.
add 1 reads, meet the search bound. 
search on 4 threads. current is the 2th thread.
search on 4 threads. current is the 3th thread.
add 1 reads, meet the search bound. 
build_may_read_from, current history is: 1, rf_set size is : 2 
current read action location: 4215288, threadid : 2 
In process read: current localvec size is 2.
The size of localvec is 2.[location: 00000000004051F4,  seq_num: 8. value: 1]	[location: 00000000004051F8,  seq_num: 3. value: 0]	
thread localvec size: 2 
Process read: read locally. 
local vec has such write, seqnum:3 
localvec has such variable 
current read action location: 4215288, threadid : 2 
In process read: current localvec size is 2.
The size of localvec is 2.[location: 00000000004051F4,  seq_num: 8. value: 1]	[location: 00000000004051F8,  seq_num: 3. value: 0]	
thread localvec size: 2 
Process read: read locally. 
local vec has such write, seqnum:3 
localvec has one variable. but not in the rf_set 
rf_set size is: 1. 

 current action type is  atomic write  . on thread 2, sequence number is : 36 , mo_type is : relaxed. 

 Process write action. Updates local vec in thread 2 - The size of localvec is 2.[location: 00000000004051F4,  seq_num: 8. value: 1]	[location: 00000000004051F8,  seq_num: 3. value: 0]	
calling the get_next_thread. 

 current action type is  atomic read   . on thread 2, sequence number is : 37 , mo_type is : relaxed. 
Current instr. nums: 15. 
Change Priority Points:  [0]: 5  
 no external read job. - read local 
search on 4 threads. current is the 0th thread.
search on 4 threads. current is the 1th thread.
add 1 reads, meet the search bound. 
search on 4 threads. current is the 2th thread.
search on 4 threads. current is the 3th thread.
add 1 reads, meet the search bound. 
build_may_read_from, current history is: 1, rf_set size is : 2 
current read action location: 4215288, threadid : 2 
In process read: current localvec size is 2.
The size of localvec is 2.[location: 00000000004051F4,  seq_num: 8. value: 1]	[location: 00000000004051F8,  seq_num: 3. value: 0]	
thread localvec size: 2 
Process read: read locally. 
local vec has such write, seqnum:3 
localvec has such variable 
current read action location: 4215288, threadid : 2 
In process read: current localvec size is 2.
The size of localvec is 2.[location: 00000000004051F4,  seq_num: 8. value: 1]	[location: 00000000004051F8,  seq_num: 3. value: 0]	
thread localvec size: 2 
Process read: read locally. 
local vec has such write, seqnum:3 
localvec has one variable. but not in the rf_set 
rf_set size is: 1. 

 current action type is  thread finish . on thread 2, sequence number is : 38 , mo_type is : seq_cst. 
calling the get_next_thread. 

 current action type is  pthread join  . on thread 1, sequence number is : 39 , mo_type is : seq_cst. 
calling the get_next_thread. 

 current action type is  pthread join  . on thread 1, sequence number is : 40 , mo_type is : seq_cst. 

 current action type is  thread finish . on thread 1, sequence number is : 41 , mo_type is : seq_cst. 
******* Model-checking complete: *******
Number of complete, bug-free executions: 1
Number of buggy executions: 0
Total executions: 1


--- Run #5 ---
C11Tester
Copyright (c) 2013 and 2019 Regents of the University of California. All rights reserved.
Distributed under the GPLv2
Written by Weiyu Luo, Brian Norris, and Brian Demsky

Print current params: 
-v[NUM], --verbose[=NUM]   Default: 0 Now: 0
-x, --maxexec=NUM           Maximum number of executions. Default: 10 Now: 1
-m, --minsize=NUM           Minimum number of actions to keep Default: 0 Now: 0
-f, --freqfree=NUM          Frequency to free actions Default:500000 Now: 500000
-l, --maxscheduler=NUM		 Scheduler length limitation Default:50 Now: 20
-b, --bugdepth=NUM			 bugdepth Default:5 Now: 1
-p, --version=NUM			 c11testerversion Default:0 Now: 1
-i, --maxinstr=NUM			 read num bounds: Default:30 Now: 43
-y, --history=NUM			 rf_set searcg bounds: Default:20 Now: 1
The limit of read nums is 215. 
using pct version now. 
Change Priority Points:  [0]: 5  

 current action type is  thread start  . on thread 1, sequence number is : 1 , mo_type is : seq_cst. 

 current action type is  atomic write  . on thread 1, sequence number is : 2 , mo_type is : relaxed. 

 Process write action. Updates local vec in thread 1 - The size of localvec is 1.[location: 00000000004051F4,  seq_num: 2. value: 0]	

 current action type is  atomic write  . on thread 1, sequence number is : 3 , mo_type is : relaxed. 

 Process write action. Updates local vec in thread 1 - The size of localvec is 2.[location: 00000000004051F4,  seq_num: 2. value: 0]	[location: 00000000004051F8,  seq_num: 3. value: 0]	

 current action type is  pthread create. on thread 1, sequence number is : 4 , mo_type is : seq_cst. 

 current action type is  thread start  . on thread 2, sequence number is : 5 , mo_type is : seq_cst. 

 current action type is  pthread create. on thread 1, sequence number is : 6 , mo_type is : seq_cst. 

 current action type is  thread start  . on thread 3, sequence number is : 7 , mo_type is : seq_cst. 

 current action type is  atomic write  . on thread 2, sequence number is : 8 , mo_type is : relaxed. 

 Process write action. Updates local vec in thread 2 - The size of localvec is 1.[location: 00000000004051F4,  seq_num: 8. value: 1]	

 current action type is  atomic write  . on thread 3, sequence number is : 9 , mo_type is : relaxed. 

 Process write action. Updates local vec in thread 3 - The size of localvec is 1.[location: 00000000004051F8,  seq_num: 9. value: 1]	
calling the get_next_thread. 

 current action type is  atomic read   . on thread 2, sequence number is : 10 , mo_type is : relaxed. 
Current instr. nums: 1. 
Change Priority Points:  [0]: 5  
 no external read job. - read local 
search on 4 threads. current is the 0th thread.
search on 4 threads. current is the 1th thread.
add 1 reads, meet the search bound. 
search on 4 threads. current is the 2th thread.
search on 4 threads. current is the 3th thread.
add 1 reads, meet the search bound. 
build_may_read_from, current history is: 1, rf_set size is : 2 
current read action location: 4215288, threadid : 2 
In process read: current localvec size is 1.
The size of localvec is 1.[location: 00000000004051F4,  seq_num: 8. value: 1]	
thread localvec size: 1 
Process read: read locally. 
localvec has no variable. randomly select from rf_set. 
rf_set size is: 2. 

 current action type is  atomic write  . on thread 2, sequence number is : 11 , mo_type is : relaxed. 

 Process write action. Updates local vec in thread 2 - The size of localvec is 1.[location: 00000000004051F4,  seq_num: 8. value: 1]	
calling the get_next_thread. 

 current action type is  atomic read   . on thread 2, sequence number is : 12 , mo_type is : relaxed. 
Current instr. nums: 2. 
Change Priority Points:  [0]: 5  
 no external read job. - read local 
search on 4 threads. current is the 0th thread.
search on 4 threads. current is the 1th thread.
add 1 reads, meet the search bound. 
search on 4 threads. current is the 2th thread.
search on 4 threads. current is the 3th thread.
add 1 reads, meet the search bound. 
build_may_read_from, current history is: 1, rf_set size is : 2 
current read action location: 4215288, threadid : 2 
In process read: current localvec size is 1.
The size of localvec is 1.[location: 00000000004051F4,  seq_num: 8. value: 1]	
thread localvec size: 1 
Process read: read locally. 
localvec has no variable. randomly select from rf_set. 
rf_set size is: 2. 
current read action location: 4215288, threadid : 2 
In process read: current localvec size is 1.
The size of localvec is 1.[location: 00000000004051F4,  seq_num: 8. value: 1]	
thread localvec size: 1 
Process read: read locally. 
localvec has no variable. randomly select from rf_set. 
rf_set size is: 1. 

 current action type is  atomic write  . on thread 2, sequence number is : 13 , mo_type is : relaxed. 

 Process write action. Updates local vec in thread 2 - The size of localvec is 1.[location: 00000000004051F4,  seq_num: 8. value: 1]	
calling the get_next_thread. 

 current action type is  atomic read   . on thread 2, sequence number is : 14 , mo_type is : relaxed. 
Current instr. nums: 3. 
Change Priority Points:  [0]: 5  
 no external read job. - read local 
search on 4 threads. current is the 0th thread.
search on 4 threads. current is the 1th thread.
add 1 reads, meet the search bound. 
search on 4 threads. current is the 2th thread.
search on 4 threads. current is the 3th thread.
add 1 reads, meet the search bound. 
build_may_read_from, current history is: 1, rf_set size is : 2 
current read action location: 4215288, threadid : 2 
In process read: current localvec size is 1.
The size of localvec is 1.[location: 00000000004051F4,  seq_num: 8. value: 1]	
thread localvec size: 1 
Process read: read locally. 
localvec has no variable. randomly select from rf_set. 
rf_set size is: 2. 
current read action location: 4215288, threadid : 2 
In process read: current localvec size is 1.
The size of localvec is 1.[location: 00000000004051F4,  seq_num: 8. value: 1]	
thread localvec size: 1 
Process read: read locally. 
localvec has no variable. randomly select from rf_set. 
rf_set size is: 1. 

 current action type is  atomic write  . on thread 2, sequence number is : 15 , mo_type is : relaxed. 

 Process write action. Updates local vec in thread 2 - The size of localvec is 1.[location: 00000000004051F4,  seq_num: 8. value: 1]	
calling the get_next_thread. 

 current action type is  atomic read   . on thread 2, sequence number is : 16 , mo_type is : relaxed. 
Current instr. nums: 4. 
Change Priority Points:  [0]: 5  
 no external read job. - read local 
search on 4 threads. current is the 0th thread.
search on 4 threads. current is the 1th thread.
add 1 reads, meet the search bound. 
search on 4 threads. current is the 2th thread.
search on 4 threads. current is the 3th thread.
add 1 reads, meet the search bound. 
build_may_read_from, current history is: 1, rf_set size is : 2 
current read action location: 4215288, threadid : 2 
In process read: current localvec size is 1.
The size of localvec is 1.[location: 00000000004051F4,  seq_num: 8. value: 1]	
thread localvec size: 1 
Process read: read locally. 
localvec has no variable. randomly select from rf_set. 
rf_set size is: 2. 
current read action location: 4215288, threadid : 2 
In process read: current localvec size is 1.
The size of localvec is 1.[location: 00000000004051F4,  seq_num: 8. value: 1]	
thread localvec size: 1 
Process read: read locally. 
localvec has no variable. randomly select from rf_set. 
rf_set size is: 1. 

 current action type is  atomic write  . on thread 2, sequence number is : 17 , mo_type is : relaxed. 

 Process write action. Updates local vec in thread 2 - The size of localvec is 1.[location: 00000000004051F4,  seq_num: 8. value: 1]	
calling the get_next_thread. 

 current action type is  atomic read   . on thread 2, sequence number is : 18 , mo_type is : relaxed. 
Current instr. nums: 5. 
Change Priority Points:  [0]: 5  
reach the 0 change point. Change priority of thread 2. 
high priority vector: [0] : 2[1] : 3[2] : 1
Low priority threads:  [0]: 0  
high priority vector: [0] : -1[1] : 3[2] : 1
Low priority threads:  [0]: 2  
change point. current 2 avail threads.thread: 2, thread: 3, 
currently highest prio thread - thread 3. 
external_readnum job each thread: thread : 0 does not need read externally. thread : 1 does not need read externally. thread : 2 need read externally. 
Change Priority Points:  [0]: 5  
now we are at the 0 change point. 
now we reselect the highest prio thread. 
now change point: select the new highest thread.current 2 avail threads.thread: 2, thread: 3, 
return the highest thread: 3 

 current action type is  atomic read   . on thread 3, sequence number is : 19 , mo_type is : relaxed. 
Current instr. nums: 6. 
Change Priority Points:  [0]: 5  
 no external read job. - read local 
search on 4 threads. current is the 0th thread.
search on 4 threads. current is the 1th thread.
add 1 reads, meet the search bound. 
search on 4 threads. current is the 2th thread.
add 1 reads, meet the search bound. 
search on 4 threads. current is the 3th thread.
build_may_read_from, current history is: 1, rf_set size is : 2 
current read action location: 4215284, threadid : 3 
In process read: current localvec size is 1.
The size of localvec is 1.[location: 00000000004051F8,  seq_num: 9. value: 1]	
thread localvec size: 1 
Process read: read locally. 
localvec has no variable. randomly select from rf_set. 
rf_set size is: 2. 

 current action type is  atomic write  . on thread 3, sequence number is : 20 , mo_type is : relaxed. 

 Process write action. Updates local vec in thread 3 - The size of localvec is 1.[location: 00000000004051F8,  seq_num: 9. value: 1]	
calling the get_next_thread. 

 current action type is  atomic read   . on thread 3, sequence number is : 21 , mo_type is : relaxed. 
Current instr. nums: 7. 
Change Priority Points:  [0]: 5  
 no external read job. - read local 
search on 4 threads. current is the 0th thread.
search on 4 threads. current is the 1th thread.
add 1 reads, meet the search bound. 
search on 4 threads. current is the 2th thread.
add 1 reads, meet the search bound. 
search on 4 threads. current is the 3th thread.
build_may_read_from, current history is: 1, rf_set size is : 2 
current read action location: 4215284, threadid : 3 
In process read: current localvec size is 1.
The size of localvec is 1.[location: 00000000004051F8,  seq_num: 9. value: 1]	
thread localvec size: 1 
Process read: read locally. 
localvec has no variable. randomly select from rf_set. 
rf_set size is: 2. 

 current action type is  atomic write  . on thread 3, sequence number is : 22 , mo_type is : relaxed. 

 Process write action. Updates local vec in thread 3 - The size of localvec is 1.[location: 00000000004051F8,  seq_num: 9. value: 1]	
calling the get_next_thread. 

 current action type is  atomic read   . on thread 3, sequence number is : 23 , mo_type is : relaxed. 
Current instr. nums: 8. 
Change Priority Points:  [0]: 5  
 no external read job. - read local 
search on 4 threads. current is the 0th thread.
search on 4 threads. current is the 1th thread.
add 1 reads, meet the search bound. 
search on 4 threads. current is the 2th thread.
add 1 reads, meet the search bound. 
search on 4 threads. current is the 3th thread.
build_may_read_from, current history is: 1, rf_set size is : 2 
current read action location: 4215284, threadid : 3 
In process read: current localvec size is 1.
The size of localvec is 1.[location: 00000000004051F8,  seq_num: 9. value: 1]	
thread localvec size: 1 
Process read: read locally. 
localvec has no variable. randomly select from rf_set. 
rf_set size is: 2. 

 current action type is  atomic write  . on thread 3, sequence number is : 24 , mo_type is : relaxed. 

 Process write action. Updates local vec in thread 3 - The size of localvec is 1.[location: 00000000004051F8,  seq_num: 9. value: 1]	
calling the get_next_thread. 

 current action type is  atomic read   . on thread 3, sequence number is : 25 , mo_type is : relaxed. 
Current instr. nums: 9. 
Change Priority Points:  [0]: 5  
 no external read job. - read local 
search on 4 threads. current is the 0th thread.
search on 4 threads. current is the 1th thread.
add 1 reads, meet the search bound. 
search on 4 threads. current is the 2th thread.
add 1 reads, meet the search bound. 
search on 4 threads. current is the 3th thread.
build_may_read_from, current history is: 1, rf_set size is : 2 
current read action location: 4215284, threadid : 3 
In process read: current localvec size is 1.
The size of localvec is 1.[location: 00000000004051F8,  seq_num: 9. value: 1]	
thread localvec size: 1 
Process read: read locally. 
localvec has no variable. randomly select from rf_set. 
rf_set size is: 2. 

 current action type is  atomic write  . on thread 3, sequence number is : 26 , mo_type is : relaxed. 

 Process write action. Updates local vec in thread 3 - The size of localvec is 1.[location: 00000000004051F8,  seq_num: 9. value: 1]	
calling the get_next_thread. 

 current action type is  atomic read   . on thread 3, sequence number is : 27 , mo_type is : relaxed. 
Current instr. nums: 10. 
Change Priority Points:  [0]: 5  
 no external read job. - read local 
search on 4 threads. current is the 0th thread.
search on 4 threads. current is the 1th thread.
add 1 reads, meet the search bound. 
search on 4 threads. current is the 2th thread.
add 1 reads, meet the search bound. 
search on 4 threads. current is the 3th thread.
build_may_read_from, current history is: 1, rf_set size is : 2 
current read action location: 4215284, threadid : 3 
In process read: current localvec size is 1.
The size of localvec is 1.[location: 00000000004051F8,  seq_num: 9. value: 1]	
thread localvec size: 1 
Process read: read locally. 
localvec has no variable. randomly select from rf_set. 
rf_set size is: 2. 

 current action type is  atomic write  . on thread 3, sequence number is : 28 , mo_type is : relaxed. 

 Process write action. Updates local vec in thread 3 - The size of localvec is 1.[location: 00000000004051F8,  seq_num: 9. value: 1]	
calling the get_next_thread. 

 current action type is  atomic read   . on thread 3, sequence number is : 29 , mo_type is : relaxed. 
Current instr. nums: 11. 
Change Priority Points:  [0]: 5  
 no external read job. - read local 
search on 4 threads. current is the 0th thread.
search on 4 threads. current is the 1th thread.
add 1 reads, meet the search bound. 
search on 4 threads. current is the 2th thread.
add 1 reads, meet the search bound. 
search on 4 threads. current is the 3th thread.
build_may_read_from, current history is: 1, rf_set size is : 2 
current read action location: 4215284, threadid : 3 
In process read: current localvec size is 1.
The size of localvec is 1.[location: 00000000004051F8,  seq_num: 9. value: 1]	
thread localvec size: 1 
Process read: read locally. 
localvec has no variable. randomly select from rf_set. 
rf_set size is: 2. 
current read action location: 4215284, threadid : 3 
In process read: current localvec size is 1.
The size of localvec is 1.[location: 00000000004051F8,  seq_num: 9. value: 1]	
thread localvec size: 1 
Process read: read locally. 
localvec has no variable. randomly select from rf_set. 
rf_set size is: 1. 

 current action type is  atomic write  . on thread 3, sequence number is : 30 , mo_type is : relaxed. 

 Process write action. Updates local vec in thread 3 - The size of localvec is 1.[location: 00000000004051F8,  seq_num: 9. value: 1]	
calling the get_next_thread. 

 current action type is  atomic read   . on thread 3, sequence number is : 31 , mo_type is : relaxed. 
Current instr. nums: 12. 
Change Priority Points:  [0]: 5  
 no external read job. - read local 
search on 4 threads. current is the 0th thread.
search on 4 threads. current is the 1th thread.
add 1 reads, meet the search bound. 
search on 4 threads. current is the 2th thread.
add 1 reads, meet the search bound. 
search on 4 threads. current is the 3th thread.
build_may_read_from, current history is: 1, rf_set size is : 2 
current read action location: 4215284, threadid : 3 
In process read: current localvec size is 1.
The size of localvec is 1.[location: 00000000004051F8,  seq_num: 9. value: 1]	
thread localvec size: 1 
Process read: read locally. 
localvec has no variable. randomly select from rf_set. 
rf_set size is: 2. 
current read action location: 4215284, threadid : 3 
In process read: current localvec size is 1.
The size of localvec is 1.[location: 00000000004051F8,  seq_num: 9. value: 1]	
thread localvec size: 1 
Process read: read locally. 
localvec has no variable. randomly select from rf_set. 
rf_set size is: 1. 

 current action type is  thread finish . on thread 3, sequence number is : 32 , mo_type is : seq_cst. 
calling the get_next_thread. 

 current action type is  atomic read   . on thread 2, sequence number is : 33 , mo_type is : relaxed. 
Current instr. nums: 13. 
Change Priority Points:  [0]: 5  
we meet a pending read again have read external job. - read external
search on 4 threads. current is the 0th thread.
search on 4 threads. current is the 1th thread.
add 1 reads, meet the search bound. 
search on 4 threads. current is the 2th thread.
search on 4 threads. current is the 3th thread.
add 1 reads, meet the search bound. 
build_may_read_from, current history is: 1, rf_set size is : 2 
current read action location: 4215288, threadid : 2 
In process read: current localvec size is 1.
The size of localvec is 1.[location: 00000000004051F4,  seq_num: 8. value: 1]	
Process read: read externally. 
current read action location: 4215288, threadid : 2 
In process read: current localvec size is 2.
The size of localvec is 2.[location: 00000000004051F4,  seq_num: 8. value: 1]	[location: 00000000004051F8,  seq_num: 3. value: 0]	
Process read: read externally. 
external_readnum job each thread: thread : 0 does not need read externally. thread : 1 does not need read externally. thread : 2 does not need read externally. thread : 3 does not need read externally. 

 current action type is  atomic write  . on thread 2, sequence number is : 34 , mo_type is : relaxed. 

 Process write action. Updates local vec in thread 2 - The size of localvec is 2.[location: 00000000004051F4,  seq_num: 8. value: 1]	[location: 00000000004051F8,  seq_num: 3. value: 0]	
calling the get_next_thread. 

 current action type is  atomic read   . on thread 2, sequence number is : 35 , mo_type is : relaxed. 
Current instr. nums: 14. 
Change Priority Points:  [0]: 5  
 no external read job. - read local 
search on 4 threads. current is the 0th thread.
search on 4 threads. current is the 1th thread.
add 1 reads, meet the search bound. 
search on 4 threads. current is the 2th thread.
search on 4 threads. current is the 3th thread.
add 1 reads, meet the search bound. 
build_may_read_from, current history is: 1, rf_set size is : 2 
current read action location: 4215288, threadid : 2 
In process read: current localvec size is 2.
The size of localvec is 2.[location: 00000000004051F4,  seq_num: 8. value: 1]	[location: 00000000004051F8,  seq_num: 3. value: 0]	
thread localvec size: 2 
Process read: read locally. 
local vec has such write, seqnum:3 
localvec has such variable 
current read action location: 4215288, threadid : 2 
In process read: current localvec size is 2.
The size of localvec is 2.[location: 00000000004051F4,  seq_num: 8. value: 1]	[location: 00000000004051F8,  seq_num: 3. value: 0]	
thread localvec size: 2 
Process read: read locally. 
local vec has such write, seqnum:3 
localvec has one variable. but not in the rf_set 
rf_set size is: 1. 

 current action type is  atomic write  . on thread 2, sequence number is : 36 , mo_type is : relaxed. 

 Process write action. Updates local vec in thread 2 - The size of localvec is 2.[location: 00000000004051F4,  seq_num: 8. value: 1]	[location: 00000000004051F8,  seq_num: 3. value: 0]	
calling the get_next_thread. 

 current action type is  atomic read   . on thread 2, sequence number is : 37 , mo_type is : relaxed. 
Current instr. nums: 15. 
Change Priority Points:  [0]: 5  
 no external read job. - read local 
search on 4 threads. current is the 0th thread.
search on 4 threads. current is the 1th thread.
add 1 reads, meet the search bound. 
search on 4 threads. current is the 2th thread.
search on 4 threads. current is the 3th thread.
add 1 reads, meet the search bound. 
build_may_read_from, current history is: 1, rf_set size is : 2 
current read action location: 4215288, threadid : 2 
In process read: current localvec size is 2.
The size of localvec is 2.[location: 00000000004051F4,  seq_num: 8. value: 1]	[location: 00000000004051F8,  seq_num: 3. value: 0]	
thread localvec size: 2 
Process read: read locally. 
local vec has such write, seqnum:3 
localvec has such variable 
current read action location: 4215288, threadid : 2 
In process read: current localvec size is 2.
The size of localvec is 2.[location: 00000000004051F4,  seq_num: 8. value: 1]	[location: 00000000004051F8,  seq_num: 3. value: 0]	
thread localvec size: 2 
Process read: read locally. 
local vec has such write, seqnum:3 
localvec has one variable. but not in the rf_set 
rf_set size is: 1. 

 current action type is  thread finish . on thread 2, sequence number is : 38 , mo_type is : seq_cst. 
calling the get_next_thread. 

 current action type is  pthread join  . on thread 1, sequence number is : 39 , mo_type is : seq_cst. 
calling the get_next_thread. 

 current action type is  pthread join  . on thread 1, sequence number is : 40 , mo_type is : seq_cst. 

 current action type is  thread finish . on thread 1, sequence number is : 41 , mo_type is : seq_cst. 
******* Model-checking complete: *******
Number of complete, bug-free executions: 1
Number of buggy executions: 0
Total executions: 1


--- Run #6 ---
C11Tester
Copyright (c) 2013 and 2019 Regents of the University of California. All rights reserved.
Distributed under the GPLv2
Written by Weiyu Luo, Brian Norris, and Brian Demsky

Print current params: 
-v[NUM], --verbose[=NUM]   Default: 0 Now: 0
-x, --maxexec=NUM           Maximum number of executions. Default: 10 Now: 1
-m, --minsize=NUM           Minimum number of actions to keep Default: 0 Now: 0
-f, --freqfree=NUM          Frequency to free actions Default:500000 Now: 500000
-l, --maxscheduler=NUM		 Scheduler length limitation Default:50 Now: 20
-b, --bugdepth=NUM			 bugdepth Default:5 Now: 1
-p, --version=NUM			 c11testerversion Default:0 Now: 1
-i, --maxinstr=NUM			 read num bounds: Default:30 Now: 43
-y, --history=NUM			 rf_set searcg bounds: Default:20 Now: 1
The limit of read nums is 215. 
using pct version now. 
Change Priority Points:  [0]: 5  

 current action type is  thread start  . on thread 1, sequence number is : 1 , mo_type is : seq_cst. 

 current action type is  atomic write  . on thread 1, sequence number is : 2 , mo_type is : relaxed. 

 Process write action. Updates local vec in thread 1 - The size of localvec is 1.[location: 00000000004051F4,  seq_num: 2. value: 0]	

 current action type is  atomic write  . on thread 1, sequence number is : 3 , mo_type is : relaxed. 

 Process write action. Updates local vec in thread 1 - The size of localvec is 2.[location: 00000000004051F4,  seq_num: 2. value: 0]	[location: 00000000004051F8,  seq_num: 3. value: 0]	

 current action type is  pthread create. on thread 1, sequence number is : 4 , mo_type is : seq_cst. 

 current action type is  thread start  . on thread 2, sequence number is : 5 , mo_type is : seq_cst. 

 current action type is  pthread create. on thread 1, sequence number is : 6 , mo_type is : seq_cst. 

 current action type is  thread start  . on thread 3, sequence number is : 7 , mo_type is : seq_cst. 

 current action type is  atomic write  . on thread 2, sequence number is : 8 , mo_type is : relaxed. 

 Process write action. Updates local vec in thread 2 - The size of localvec is 1.[location: 00000000004051F4,  seq_num: 8. value: 1]	

 current action type is  atomic write  . on thread 3, sequence number is : 9 , mo_type is : relaxed. 

 Process write action. Updates local vec in thread 3 - The size of localvec is 1.[location: 00000000004051F8,  seq_num: 9. value: 1]	
calling the get_next_thread. 

 current action type is  atomic read   . on thread 2, sequence number is : 10 , mo_type is : relaxed. 
Current instr. nums: 1. 
Change Priority Points:  [0]: 5  
 no external read job. - read local 
search on 4 threads. current is the 0th thread.
search on 4 threads. current is the 1th thread.
add 1 reads, meet the search bound. 
search on 4 threads. current is the 2th thread.
search on 4 threads. current is the 3th thread.
add 1 reads, meet the search bound. 
build_may_read_from, current history is: 1, rf_set size is : 2 
current read action location: 4215288, threadid : 2 
In process read: current localvec size is 1.
The size of localvec is 1.[location: 00000000004051F4,  seq_num: 8. value: 1]	
thread localvec size: 1 
Process read: read locally. 
localvec has no variable. randomly select from rf_set. 
rf_set size is: 2. 

 current action type is  atomic write  . on thread 2, sequence number is : 11 , mo_type is : relaxed. 

 Process write action. Updates local vec in thread 2 - The size of localvec is 1.[location: 00000000004051F4,  seq_num: 8. value: 1]	
calling the get_next_thread. 

 current action type is  atomic read   . on thread 2, sequence number is : 12 , mo_type is : relaxed. 
Current instr. nums: 2. 
Change Priority Points:  [0]: 5  
 no external read job. - read local 
search on 4 threads. current is the 0th thread.
search on 4 threads. current is the 1th thread.
add 1 reads, meet the search bound. 
search on 4 threads. current is the 2th thread.
search on 4 threads. current is the 3th thread.
add 1 reads, meet the search bound. 
build_may_read_from, current history is: 1, rf_set size is : 2 
current read action location: 4215288, threadid : 2 
In process read: current localvec size is 1.
The size of localvec is 1.[location: 00000000004051F4,  seq_num: 8. value: 1]	
thread localvec size: 1 
Process read: read locally. 
localvec has no variable. randomly select from rf_set. 
rf_set size is: 2. 
current read action location: 4215288, threadid : 2 
In process read: current localvec size is 1.
The size of localvec is 1.[location: 00000000004051F4,  seq_num: 8. value: 1]	
thread localvec size: 1 
Process read: read locally. 
localvec has no variable. randomly select from rf_set. 
rf_set size is: 1. 

 current action type is  atomic write  . on thread 2, sequence number is : 13 , mo_type is : relaxed. 

 Process write action. Updates local vec in thread 2 - The size of localvec is 1.[location: 00000000004051F4,  seq_num: 8. value: 1]	
calling the get_next_thread. 

 current action type is  atomic read   . on thread 2, sequence number is : 14 , mo_type is : relaxed. 
Current instr. nums: 3. 
Change Priority Points:  [0]: 5  
 no external read job. - read local 
search on 4 threads. current is the 0th thread.
search on 4 threads. current is the 1th thread.
add 1 reads, meet the search bound. 
search on 4 threads. current is the 2th thread.
search on 4 threads. current is the 3th thread.
add 1 reads, meet the search bound. 
build_may_read_from, current history is: 1, rf_set size is : 2 
current read action location: 4215288, threadid : 2 
In process read: current localvec size is 1.
The size of localvec is 1.[location: 00000000004051F4,  seq_num: 8. value: 1]	
thread localvec size: 1 
Process read: read locally. 
localvec has no variable. randomly select from rf_set. 
rf_set size is: 2. 

 current action type is  atomic write  . on thread 2, sequence number is : 15 , mo_type is : relaxed. 

 Process write action. Updates local vec in thread 2 - The size of localvec is 1.[location: 00000000004051F4,  seq_num: 8. value: 1]	
calling the get_next_thread. 

 current action type is  atomic read   . on thread 2, sequence number is : 16 , mo_type is : relaxed. 
Current instr. nums: 4. 
Change Priority Points:  [0]: 5  
 no external read job. - read local 
search on 4 threads. current is the 0th thread.
search on 4 threads. current is the 1th thread.
add 1 reads, meet the search bound. 
search on 4 threads. current is the 2th thread.
search on 4 threads. current is the 3th thread.
add 1 reads, meet the search bound. 
build_may_read_from, current history is: 1, rf_set size is : 2 
current read action location: 4215288, threadid : 2 
In process read: current localvec size is 1.
The size of localvec is 1.[location: 00000000004051F4,  seq_num: 8. value: 1]	
thread localvec size: 1 
Process read: read locally. 
localvec has no variable. randomly select from rf_set. 
rf_set size is: 2. 

 current action type is  atomic write  . on thread 2, sequence number is : 17 , mo_type is : relaxed. 

 Process write action. Updates local vec in thread 2 - The size of localvec is 1.[location: 00000000004051F4,  seq_num: 8. value: 1]	
calling the get_next_thread. 

 current action type is  atomic read   . on thread 2, sequence number is : 18 , mo_type is : relaxed. 
Current instr. nums: 5. 
Change Priority Points:  [0]: 5  
reach the 0 change point. Change priority of thread 2. 
high priority vector: [0] : 1[1] : 2[2] : 3
Low priority threads:  [0]: 0  
high priority vector: [0] : 1[1] : -1[2] : 3
Low priority threads:  [0]: 2  
change point. current 2 avail threads.thread: 2, thread: 3, 
currently highest prio thread - thread 3. 
external_readnum job each thread: thread : 0 does not need read externally. thread : 1 does not need read externally. thread : 2 need read externally. 
Change Priority Points:  [0]: 5  
now we are at the 0 change point. 
now we reselect the highest prio thread. 
now change point: select the new highest thread.current 2 avail threads.thread: 2, thread: 3, 
return the highest thread: 3 

 current action type is  atomic read   . on thread 3, sequence number is : 19 , mo_type is : relaxed. 
Current instr. nums: 6. 
Change Priority Points:  [0]: 5  
 no external read job. - read local 
search on 4 threads. current is the 0th thread.
search on 4 threads. current is the 1th thread.
add 1 reads, meet the search bound. 
search on 4 threads. current is the 2th thread.
add 1 reads, meet the search bound. 
search on 4 threads. current is the 3th thread.
build_may_read_from, current history is: 1, rf_set size is : 2 
current read action location: 4215284, threadid : 3 
In process read: current localvec size is 1.
The size of localvec is 1.[location: 00000000004051F8,  seq_num: 9. value: 1]	
thread localvec size: 1 
Process read: read locally. 
localvec has no variable. randomly select from rf_set. 
rf_set size is: 2. 

 current action type is  atomic write  . on thread 3, sequence number is : 20 , mo_type is : relaxed. 

 Process write action. Updates local vec in thread 3 - The size of localvec is 1.[location: 00000000004051F8,  seq_num: 9. value: 1]	
calling the get_next_thread. 

 current action type is  atomic read   . on thread 3, sequence number is : 21 , mo_type is : relaxed. 
Current instr. nums: 7. 
Change Priority Points:  [0]: 5  
 no external read job. - read local 
search on 4 threads. current is the 0th thread.
search on 4 threads. current is the 1th thread.
add 1 reads, meet the search bound. 
search on 4 threads. current is the 2th thread.
add 1 reads, meet the search bound. 
search on 4 threads. current is the 3th thread.
build_may_read_from, current history is: 1, rf_set size is : 2 
current read action location: 4215284, threadid : 3 
In process read: current localvec size is 1.
The size of localvec is 1.[location: 00000000004051F8,  seq_num: 9. value: 1]	
thread localvec size: 1 
Process read: read locally. 
localvec has no variable. randomly select from rf_set. 
rf_set size is: 2. 

 current action type is  atomic write  . on thread 3, sequence number is : 22 , mo_type is : relaxed. 

 Process write action. Updates local vec in thread 3 - The size of localvec is 1.[location: 00000000004051F8,  seq_num: 9. value: 1]	
calling the get_next_thread. 

 current action type is  atomic read   . on thread 3, sequence number is : 23 , mo_type is : relaxed. 
Current instr. nums: 8. 
Change Priority Points:  [0]: 5  
 no external read job. - read local 
search on 4 threads. current is the 0th thread.
search on 4 threads. current is the 1th thread.
add 1 reads, meet the search bound. 
search on 4 threads. current is the 2th thread.
add 1 reads, meet the search bound. 
search on 4 threads. current is the 3th thread.
build_may_read_from, current history is: 1, rf_set size is : 2 
current read action location: 4215284, threadid : 3 
In process read: current localvec size is 1.
The size of localvec is 1.[location: 00000000004051F8,  seq_num: 9. value: 1]	
thread localvec size: 1 
Process read: read locally. 
localvec has no variable. randomly select from rf_set. 
rf_set size is: 2. 

 current action type is  atomic write  . on thread 3, sequence number is : 24 , mo_type is : relaxed. 

 Process write action. Updates local vec in thread 3 - The size of localvec is 1.[location: 00000000004051F8,  seq_num: 9. value: 1]	
calling the get_next_thread. 

 current action type is  atomic read   . on thread 3, sequence number is : 25 , mo_type is : relaxed. 
Current instr. nums: 9. 
Change Priority Points:  [0]: 5  
 no external read job. - read local 
search on 4 threads. current is the 0th thread.
search on 4 threads. current is the 1th thread.
add 1 reads, meet the search bound. 
search on 4 threads. current is the 2th thread.
add 1 reads, meet the search bound. 
search on 4 threads. current is the 3th thread.
build_may_read_from, current history is: 1, rf_set size is : 2 
current read action location: 4215284, threadid : 3 
In process read: current localvec size is 1.
The size of localvec is 1.[location: 00000000004051F8,  seq_num: 9. value: 1]	
thread localvec size: 1 
Process read: read locally. 
localvec has no variable. randomly select from rf_set. 
rf_set size is: 2. 
current read action location: 4215284, threadid : 3 
In process read: current localvec size is 1.
The size of localvec is 1.[location: 00000000004051F8,  seq_num: 9. value: 1]	
thread localvec size: 1 
Process read: read locally. 
localvec has no variable. randomly select from rf_set. 
rf_set size is: 1. 

 current action type is  atomic write  . on thread 3, sequence number is : 26 , mo_type is : relaxed. 

 Process write action. Updates local vec in thread 3 - The size of localvec is 1.[location: 00000000004051F8,  seq_num: 9. value: 1]	
calling the get_next_thread. 

 current action type is  atomic read   . on thread 3, sequence number is : 27 , mo_type is : relaxed. 
Current instr. nums: 10. 
Change Priority Points:  [0]: 5  
 no external read job. - read local 
search on 4 threads. current is the 0th thread.
search on 4 threads. current is the 1th thread.
add 1 reads, meet the search bound. 
search on 4 threads. current is the 2th thread.
add 1 reads, meet the search bound. 
search on 4 threads. current is the 3th thread.
build_may_read_from, current history is: 1, rf_set size is : 2 
current read action location: 4215284, threadid : 3 
In process read: current localvec size is 1.
The size of localvec is 1.[location: 00000000004051F8,  seq_num: 9. value: 1]	
thread localvec size: 1 
Process read: read locally. 
localvec has no variable. randomly select from rf_set. 
rf_set size is: 2. 

 current action type is  atomic write  . on thread 3, sequence number is : 28 , mo_type is : relaxed. 

 Process write action. Updates local vec in thread 3 - The size of localvec is 1.[location: 00000000004051F8,  seq_num: 9. value: 1]	
calling the get_next_thread. 

 current action type is  atomic read   . on thread 3, sequence number is : 29 , mo_type is : relaxed. 
Current instr. nums: 11. 
Change Priority Points:  [0]: 5  
 no external read job. - read local 
search on 4 threads. current is the 0th thread.
search on 4 threads. current is the 1th thread.
add 1 reads, meet the search bound. 
search on 4 threads. current is the 2th thread.
add 1 reads, meet the search bound. 
search on 4 threads. current is the 3th thread.
build_may_read_from, current history is: 1, rf_set size is : 2 
current read action location: 4215284, threadid : 3 
In process read: current localvec size is 1.
The size of localvec is 1.[location: 00000000004051F8,  seq_num: 9. value: 1]	
thread localvec size: 1 
Process read: read locally. 
localvec has no variable. randomly select from rf_set. 
rf_set size is: 2. 
current read action location: 4215284, threadid : 3 
In process read: current localvec size is 1.
The size of localvec is 1.[location: 00000000004051F8,  seq_num: 9. value: 1]	
thread localvec size: 1 
Process read: read locally. 
localvec has no variable. randomly select from rf_set. 
rf_set size is: 1. 

 current action type is  atomic write  . on thread 3, sequence number is : 30 , mo_type is : relaxed. 

 Process write action. Updates local vec in thread 3 - The size of localvec is 1.[location: 00000000004051F8,  seq_num: 9. value: 1]	
calling the get_next_thread. 

 current action type is  atomic read   . on thread 3, sequence number is : 31 , mo_type is : relaxed. 
Current instr. nums: 12. 
Change Priority Points:  [0]: 5  
 no external read job. - read local 
search on 4 threads. current is the 0th thread.
search on 4 threads. current is the 1th thread.
add 1 reads, meet the search bound. 
search on 4 threads. current is the 2th thread.
add 1 reads, meet the search bound. 
search on 4 threads. current is the 3th thread.
build_may_read_from, current history is: 1, rf_set size is : 2 
current read action location: 4215284, threadid : 3 
In process read: current localvec size is 1.
The size of localvec is 1.[location: 00000000004051F8,  seq_num: 9. value: 1]	
thread localvec size: 1 
Process read: read locally. 
localvec has no variable. randomly select from rf_set. 
rf_set size is: 2. 

 current action type is  thread finish . on thread 3, sequence number is : 32 , mo_type is : seq_cst. 
calling the get_next_thread. 

 current action type is  atomic read   . on thread 2, sequence number is : 33 , mo_type is : relaxed. 
Current instr. nums: 13. 
Change Priority Points:  [0]: 5  
we meet a pending read again have read external job. - read external
search on 4 threads. current is the 0th thread.
search on 4 threads. current is the 1th thread.
add 1 reads, meet the search bound. 
search on 4 threads. current is the 2th thread.
search on 4 threads. current is the 3th thread.
add 1 reads, meet the search bound. 
build_may_read_from, current history is: 1, rf_set size is : 2 
current read action location: 4215288, threadid : 2 
In process read: current localvec size is 1.
The size of localvec is 1.[location: 00000000004051F4,  seq_num: 8. value: 1]	
Process read: read externally. 
external_readnum job each thread: thread : 0 does not need read externally. thread : 1 does not need read externally. thread : 2 does not need read externally. thread : 3 does not need read externally. 

 current action type is  atomic write  . on thread 2, sequence number is : 34 , mo_type is : relaxed. 

 Process write action. Updates local vec in thread 2 - The size of localvec is 2.[location: 00000000004051F4,  seq_num: 8. value: 1]	[location: 00000000004051F8,  seq_num: 30. value: 1]	
calling the get_next_thread. 

 current action type is  atomic read   . on thread 2, sequence number is : 35 , mo_type is : relaxed. 
Current instr. nums: 14. 
Change Priority Points:  [0]: 5  
 no external read job. - read local 
search on 4 threads. current is the 0th thread.
search on 4 threads. current is the 1th thread.
add 1 reads, meet the search bound. 
search on 4 threads. current is the 2th thread.
search on 4 threads. current is the 3th thread.
add 1 reads, meet the search bound. 
build_may_read_from, current history is: 1, rf_set size is : 2 
current read action location: 4215288, threadid : 2 
In process read: current localvec size is 2.
The size of localvec is 2.[location: 00000000004051F4,  seq_num: 8. value: 1]	[location: 00000000004051F8,  seq_num: 30. value: 1]	
thread localvec size: 2 
Process read: read locally. 
local vec has such write, seqnum:30 
localvec has such variable 

 current action type is  atomic write  . on thread 2, sequence number is : 36 , mo_type is : relaxed. 

 Process write action. Updates local vec in thread 2 - The size of localvec is 2.[location: 00000000004051F4,  seq_num: 8. value: 1]	[location: 00000000004051F8,  seq_num: 30. value: 1]	
calling the get_next_thread. 

 current action type is  atomic read   . on thread 2, sequence number is : 37 , mo_type is : relaxed. 
Current instr. nums: 15. 
Change Priority Points:  [0]: 5  
 no external read job. - read local 
search on 4 threads. current is the 0th thread.
search on 4 threads. current is the 1th thread.
add 1 reads, meet the search bound. 
search on 4 threads. current is the 2th thread.
search on 4 threads. current is the 3th thread.
add 1 reads, meet the search bound. 
build_may_read_from, current history is: 1, rf_set size is : 2 
current read action location: 4215288, threadid : 2 
In process read: current localvec size is 2.
The size of localvec is 2.[location: 00000000004051F4,  seq_num: 8. value: 1]	[location: 00000000004051F8,  seq_num: 30. value: 1]	
thread localvec size: 2 
Process read: read locally. 
local vec has such write, seqnum:30 
localvec has such variable 

 current action type is  thread finish . on thread 2, sequence number is : 38 , mo_type is : seq_cst. 
calling the get_next_thread. 

 current action type is  pthread join  . on thread 1, sequence number is : 39 , mo_type is : seq_cst. 
calling the get_next_thread. 

 current action type is  pthread join  . on thread 1, sequence number is : 40 , mo_type is : seq_cst. 

 current action type is  thread finish . on thread 1, sequence number is : 41 , mo_type is : seq_cst. 
******* Model-checking complete: *******
Number of complete, bug-free executions: 1
Number of buggy executions: 0
Total executions: 1


--- Run #7 ---
C11Tester
Copyright (c) 2013 and 2019 Regents of the University of California. All rights reserved.
Distributed under the GPLv2
Written by Weiyu Luo, Brian Norris, and Brian Demsky

Print current params: 
-v[NUM], --verbose[=NUM]   Default: 0 Now: 0
-x, --maxexec=NUM           Maximum number of executions. Default: 10 Now: 1
-m, --minsize=NUM           Minimum number of actions to keep Default: 0 Now: 0
-f, --freqfree=NUM          Frequency to free actions Default:500000 Now: 500000
-l, --maxscheduler=NUM		 Scheduler length limitation Default:50 Now: 20
-b, --bugdepth=NUM			 bugdepth Default:5 Now: 1
-p, --version=NUM			 c11testerversion Default:0 Now: 1
-i, --maxinstr=NUM			 read num bounds: Default:30 Now: 43
-y, --history=NUM			 rf_set searcg bounds: Default:20 Now: 1
The limit of read nums is 215. 
using pct version now. 
Change Priority Points:  [0]: 5  

 current action type is  thread start  . on thread 1, sequence number is : 1 , mo_type is : seq_cst. 

 current action type is  atomic write  . on thread 1, sequence number is : 2 , mo_type is : relaxed. 

 Process write action. Updates local vec in thread 1 - The size of localvec is 1.[location: 00000000004051F4,  seq_num: 2. value: 0]	

 current action type is  atomic write  . on thread 1, sequence number is : 3 , mo_type is : relaxed. 

 Process write action. Updates local vec in thread 1 - The size of localvec is 2.[location: 00000000004051F4,  seq_num: 2. value: 0]	[location: 00000000004051F8,  seq_num: 3. value: 0]	

 current action type is  pthread create. on thread 1, sequence number is : 4 , mo_type is : seq_cst. 

 current action type is  thread start  . on thread 2, sequence number is : 5 , mo_type is : seq_cst. 

 current action type is  pthread create. on thread 1, sequence number is : 6 , mo_type is : seq_cst. 

 current action type is  thread start  . on thread 3, sequence number is : 7 , mo_type is : seq_cst. 

 current action type is  atomic write  . on thread 2, sequence number is : 8 , mo_type is : relaxed. 

 Process write action. Updates local vec in thread 2 - The size of localvec is 1.[location: 00000000004051F4,  seq_num: 8. value: 1]	

 current action type is  atomic write  . on thread 3, sequence number is : 9 , mo_type is : relaxed. 

 Process write action. Updates local vec in thread 3 - The size of localvec is 1.[location: 00000000004051F8,  seq_num: 9. value: 1]	
calling the get_next_thread. 

 current action type is  atomic read   . on thread 3, sequence number is : 10 , mo_type is : relaxed. 
Current instr. nums: 1. 
Change Priority Points:  [0]: 5  
 no external read job. - read local 
search on 4 threads. current is the 0th thread.
search on 4 threads. current is the 1th thread.
add 1 reads, meet the search bound. 
search on 4 threads. current is the 2th thread.
add 1 reads, meet the search bound. 
search on 4 threads. current is the 3th thread.
build_may_read_from, current history is: 1, rf_set size is : 2 
current read action location: 4215284, threadid : 3 
In process read: current localvec size is 1.
The size of localvec is 1.[location: 00000000004051F8,  seq_num: 9. value: 1]	
thread localvec size: 1 
Process read: read locally. 
localvec has no variable. randomly select from rf_set. 
rf_set size is: 2. 

 current action type is  atomic write  . on thread 3, sequence number is : 11 , mo_type is : relaxed. 

 Process write action. Updates local vec in thread 3 - The size of localvec is 1.[location: 00000000004051F8,  seq_num: 9. value: 1]	
calling the get_next_thread. 

 current action type is  atomic read   . on thread 3, sequence number is : 12 , mo_type is : relaxed. 
Current instr. nums: 2. 
Change Priority Points:  [0]: 5  
 no external read job. - read local 
search on 4 threads. current is the 0th thread.
search on 4 threads. current is the 1th thread.
add 1 reads, meet the search bound. 
search on 4 threads. current is the 2th thread.
add 1 reads, meet the search bound. 
search on 4 threads. current is the 3th thread.
build_may_read_from, current history is: 1, rf_set size is : 2 
current read action location: 4215284, threadid : 3 
In process read: current localvec size is 1.
The size of localvec is 1.[location: 00000000004051F8,  seq_num: 9. value: 1]	
thread localvec size: 1 
Process read: read locally. 
localvec has no variable. randomly select from rf_set. 
rf_set size is: 2. 

 current action type is  atomic write  . on thread 3, sequence number is : 13 , mo_type is : relaxed. 

 Process write action. Updates local vec in thread 3 - The size of localvec is 1.[location: 00000000004051F8,  seq_num: 9. value: 1]	
calling the get_next_thread. 

 current action type is  atomic read   . on thread 3, sequence number is : 14 , mo_type is : relaxed. 
Current instr. nums: 3. 
Change Priority Points:  [0]: 5  
 no external read job. - read local 
search on 4 threads. current is the 0th thread.
search on 4 threads. current is the 1th thread.
add 1 reads, meet the search bound. 
search on 4 threads. current is the 2th thread.
add 1 reads, meet the search bound. 
search on 4 threads. current is the 3th thread.
build_may_read_from, current history is: 1, rf_set size is : 2 
current read action location: 4215284, threadid : 3 
In process read: current localvec size is 1.
The size of localvec is 1.[location: 00000000004051F8,  seq_num: 9. value: 1]	
thread localvec size: 1 
Process read: read locally. 
localvec has no variable. randomly select from rf_set. 
rf_set size is: 2. 
current read action location: 4215284, threadid : 3 
In process read: current localvec size is 1.
The size of localvec is 1.[location: 00000000004051F8,  seq_num: 9. value: 1]	
thread localvec size: 1 
Process read: read locally. 
localvec has no variable. randomly select from rf_set. 
rf_set size is: 1. 

 current action type is  atomic write  . on thread 3, sequence number is : 15 , mo_type is : relaxed. 

 Process write action. Updates local vec in thread 3 - The size of localvec is 1.[location: 00000000004051F8,  seq_num: 9. value: 1]	
calling the get_next_thread. 

 current action type is  atomic read   . on thread 3, sequence number is : 16 , mo_type is : relaxed. 
Current instr. nums: 4. 
Change Priority Points:  [0]: 5  
 no external read job. - read local 
search on 4 threads. current is the 0th thread.
search on 4 threads. current is the 1th thread.
add 1 reads, meet the search bound. 
search on 4 threads. current is the 2th thread.
add 1 reads, meet the search bound. 
search on 4 threads. current is the 3th thread.
build_may_read_from, current history is: 1, rf_set size is : 2 
current read action location: 4215284, threadid : 3 
In process read: current localvec size is 1.
The size of localvec is 1.[location: 00000000004051F8,  seq_num: 9. value: 1]	
thread localvec size: 1 
Process read: read locally. 
localvec has no variable. randomly select from rf_set. 
rf_set size is: 2. 
current read action location: 4215284, threadid : 3 
In process read: current localvec size is 1.
The size of localvec is 1.[location: 00000000004051F8,  seq_num: 9. value: 1]	
thread localvec size: 1 
Process read: read locally. 
localvec has no variable. randomly select from rf_set. 
rf_set size is: 1. 

 current action type is  atomic write  . on thread 3, sequence number is : 17 , mo_type is : relaxed. 

 Process write action. Updates local vec in thread 3 - The size of localvec is 1.[location: 00000000004051F8,  seq_num: 9. value: 1]	
calling the get_next_thread. 

 current action type is  atomic read   . on thread 3, sequence number is : 18 , mo_type is : relaxed. 
Current instr. nums: 5. 
Change Priority Points:  [0]: 5  
reach the 0 change point. Change priority of thread 3. 
high priority vector: [0] : 3[1] : 2[2] : 1
Low priority threads:  [0]: 0  
high priority vector: [0] : -1[1] : 2[2] : 1
Low priority threads:  [0]: 3  
change point. current 2 avail threads.thread: 2, thread: 3, 
currently highest prio thread - thread 2. 
external_readnum job each thread: thread : 0 does not need read externally. thread : 1 does not need read externally. thread : 2 does not need read externally. thread : 3 need read externally. 
Change Priority Points:  [0]: 5  
now we are at the 0 change point. 
now we reselect the highest prio thread. 
now change point: select the new highest thread.current 2 avail threads.thread: 2, thread: 3, 
return the highest thread: 2 

 current action type is  atomic read   . on thread 2, sequence number is : 19 , mo_type is : relaxed. 
Current instr. nums: 6. 
Change Priority Points:  [0]: 5  
 no external read job. - read local 
search on 4 threads. current is the 0th thread.
search on 4 threads. current is the 1th thread.
add 1 reads, meet the search bound. 
search on 4 threads. current is the 2th thread.
search on 4 threads. current is the 3th thread.
add 1 reads, meet the search bound. 
build_may_read_from, current history is: 1, rf_set size is : 2 
current read action location: 4215288, threadid : 2 
In process read: current localvec size is 1.
The size of localvec is 1.[location: 00000000004051F4,  seq_num: 8. value: 1]	
thread localvec size: 1 
Process read: read locally. 
localvec has no variable. randomly select from rf_set. 
rf_set size is: 2. 

 current action type is  atomic write  . on thread 2, sequence number is : 20 , mo_type is : relaxed. 

 Process write action. Updates local vec in thread 2 - The size of localvec is 1.[location: 00000000004051F4,  seq_num: 8. value: 1]	
calling the get_next_thread. 

 current action type is  atomic read   . on thread 2, sequence number is : 21 , mo_type is : relaxed. 
Current instr. nums: 7. 
Change Priority Points:  [0]: 5  
 no external read job. - read local 
search on 4 threads. current is the 0th thread.
search on 4 threads. current is the 1th thread.
add 1 reads, meet the search bound. 
search on 4 threads. current is the 2th thread.
search on 4 threads. current is the 3th thread.
add 1 reads, meet the search bound. 
build_may_read_from, current history is: 1, rf_set size is : 2 
current read action location: 4215288, threadid : 2 
In process read: current localvec size is 1.
The size of localvec is 1.[location: 00000000004051F4,  seq_num: 8. value: 1]	
thread localvec size: 1 
Process read: read locally. 
localvec has no variable. randomly select from rf_set. 
rf_set size is: 2. 

 current action type is  atomic write  . on thread 2, sequence number is : 22 , mo_type is : relaxed. 

 Process write action. Updates local vec in thread 2 - The size of localvec is 1.[location: 00000000004051F4,  seq_num: 8. value: 1]	
calling the get_next_thread. 

 current action type is  atomic read   . on thread 2, sequence number is : 23 , mo_type is : relaxed. 
Current instr. nums: 8. 
Change Priority Points:  [0]: 5  
 no external read job. - read local 
search on 4 threads. current is the 0th thread.
search on 4 threads. current is the 1th thread.
add 1 reads, meet the search bound. 
search on 4 threads. current is the 2th thread.
search on 4 threads. current is the 3th thread.
add 1 reads, meet the search bound. 
build_may_read_from, current history is: 1, rf_set size is : 2 
current read action location: 4215288, threadid : 2 
In process read: current localvec size is 1.
The size of localvec is 1.[location: 00000000004051F4,  seq_num: 8. value: 1]	
thread localvec size: 1 
Process read: read locally. 
localvec has no variable. randomly select from rf_set. 
rf_set size is: 2. 
current read action location: 4215288, threadid : 2 
In process read: current localvec size is 1.
The size of localvec is 1.[location: 00000000004051F4,  seq_num: 8. value: 1]	
thread localvec size: 1 
Process read: read locally. 
localvec has no variable. randomly select from rf_set. 
rf_set size is: 1. 

 current action type is  atomic write  . on thread 2, sequence number is : 24 , mo_type is : relaxed. 

 Process write action. Updates local vec in thread 2 - The size of localvec is 1.[location: 00000000004051F4,  seq_num: 8. value: 1]	
calling the get_next_thread. 

 current action type is  atomic read   . on thread 2, sequence number is : 25 , mo_type is : relaxed. 
Current instr. nums: 9. 
Change Priority Points:  [0]: 5  
 no external read job. - read local 
search on 4 threads. current is the 0th thread.
search on 4 threads. current is the 1th thread.
add 1 reads, meet the search bound. 
search on 4 threads. current is the 2th thread.
search on 4 threads. current is the 3th thread.
add 1 reads, meet the search bound. 
build_may_read_from, current history is: 1, rf_set size is : 2 
current read action location: 4215288, threadid : 2 
In process read: current localvec size is 1.
The size of localvec is 1.[location: 00000000004051F4,  seq_num: 8. value: 1]	
thread localvec size: 1 
Process read: read locally. 
localvec has no variable. randomly select from rf_set. 
rf_set size is: 2. 

 current action type is  atomic write  . on thread 2, sequence number is : 26 , mo_type is : relaxed. 

 Process write action. Updates local vec in thread 2 - The size of localvec is 1.[location: 00000000004051F4,  seq_num: 8. value: 1]	
calling the get_next_thread. 

 current action type is  atomic read   . on thread 2, sequence number is : 27 , mo_type is : relaxed. 
Current instr. nums: 10. 
Change Priority Points:  [0]: 5  
 no external read job. - read local 
search on 4 threads. current is the 0th thread.
search on 4 threads. current is the 1th thread.
add 1 reads, meet the search bound. 
search on 4 threads. current is the 2th thread.
search on 4 threads. current is the 3th thread.
add 1 reads, meet the search bound. 
build_may_read_from, current history is: 1, rf_set size is : 2 
current read action location: 4215288, threadid : 2 
In process read: current localvec size is 1.
The size of localvec is 1.[location: 00000000004051F4,  seq_num: 8. value: 1]	
thread localvec size: 1 
Process read: read locally. 
localvec has no variable. randomly select from rf_set. 
rf_set size is: 2. 

 current action type is  atomic write  . on thread 2, sequence number is : 28 , mo_type is : relaxed. 

 Process write action. Updates local vec in thread 2 - The size of localvec is 1.[location: 00000000004051F4,  seq_num: 8. value: 1]	
calling the get_next_thread. 

 current action type is  atomic read   . on thread 2, sequence number is : 29 , mo_type is : relaxed. 
Current instr. nums: 11. 
Change Priority Points:  [0]: 5  
 no external read job. - read local 
search on 4 threads. current is the 0th thread.
search on 4 threads. current is the 1th thread.
add 1 reads, meet the search bound. 
search on 4 threads. current is the 2th thread.
search on 4 threads. current is the 3th thread.
add 1 reads, meet the search bound. 
build_may_read_from, current history is: 1, rf_set size is : 2 
current read action location: 4215288, threadid : 2 
In process read: current localvec size is 1.
The size of localvec is 1.[location: 00000000004051F4,  seq_num: 8. value: 1]	
thread localvec size: 1 
Process read: read locally. 
localvec has no variable. randomly select from rf_set. 
rf_set size is: 2. 

 current action type is  atomic write  . on thread 2, sequence number is : 30 , mo_type is : relaxed. 

 Process write action. Updates local vec in thread 2 - The size of localvec is 1.[location: 00000000004051F4,  seq_num: 8. value: 1]	
calling the get_next_thread. 

 current action type is  atomic read   . on thread 2, sequence number is : 31 , mo_type is : relaxed. 
Current instr. nums: 12. 
Change Priority Points:  [0]: 5  
 no external read job. - read local 
search on 4 threads. current is the 0th thread.
search on 4 threads. current is the 1th thread.
add 1 reads, meet the search bound. 
search on 4 threads. current is the 2th thread.
search on 4 threads. current is the 3th thread.
add 1 reads, meet the search bound. 
build_may_read_from, current history is: 1, rf_set size is : 2 
current read action location: 4215288, threadid : 2 
In process read: current localvec size is 1.
The size of localvec is 1.[location: 00000000004051F4,  seq_num: 8. value: 1]	
thread localvec size: 1 
Process read: read locally. 
localvec has no variable. randomly select from rf_set. 
rf_set size is: 2. 
current read action location: 4215288, threadid : 2 
In process read: current localvec size is 1.
The size of localvec is 1.[location: 00000000004051F4,  seq_num: 8. value: 1]	
thread localvec size: 1 
Process read: read locally. 
localvec has no variable. randomly select from rf_set. 
rf_set size is: 1. 

 current action type is  thread finish . on thread 2, sequence number is : 32 , mo_type is : seq_cst. 
calling the get_next_thread. 

 current action type is  pthread join  . on thread 1, sequence number is : 33 , mo_type is : seq_cst. 
calling the get_next_thread. 

 current action type is  atomic read   . on thread 3, sequence number is : 34 , mo_type is : relaxed. 
Current instr. nums: 13. 
Change Priority Points:  [0]: 5  
we meet a pending read again have read external job. - read external
search on 4 threads. current is the 0th thread.
search on 4 threads. current is the 1th thread.
add 1 reads, meet the search bound. 
search on 4 threads. current is the 2th thread.
add 1 reads, meet the search bound. 
search on 4 threads. current is the 3th thread.
build_may_read_from, current history is: 1, rf_set size is : 2 
current read action location: 4215284, threadid : 3 
In process read: current localvec size is 1.
The size of localvec is 1.[location: 00000000004051F8,  seq_num: 9. value: 1]	
Process read: read externally. 
external_readnum job each thread: thread : 0 does not need read externally. thread : 1 does not need read externally. thread : 2 does not need read externally. thread : 3 does not need read externally. 

 current action type is  atomic write  . on thread 3, sequence number is : 35 , mo_type is : relaxed. 

 Process write action. Updates local vec in thread 3 - The size of localvec is 2.[location: 00000000004051F8,  seq_num: 9. value: 1]	[location: 00000000004051F4,  seq_num: 30. value: 1]	
calling the get_next_thread. 

 current action type is  atomic read   . on thread 3, sequence number is : 36 , mo_type is : relaxed. 
Current instr. nums: 14. 
Change Priority Points:  [0]: 5  
 no external read job. - read local 
search on 4 threads. current is the 0th thread.
search on 4 threads. current is the 1th thread.
add 1 reads, meet the search bound. 
search on 4 threads. current is the 2th thread.
add 1 reads, meet the search bound. 
search on 4 threads. current is the 3th thread.
build_may_read_from, current history is: 1, rf_set size is : 2 
current read action location: 4215284, threadid : 3 
In process read: current localvec size is 2.
The size of localvec is 2.[location: 00000000004051F8,  seq_num: 9. value: 1]	[location: 00000000004051F4,  seq_num: 30. value: 1]	
thread localvec size: 2 
Process read: read locally. 
local vec has such write, seqnum:30 
localvec has such variable 

 current action type is  atomic write  . on thread 3, sequence number is : 37 , mo_type is : relaxed. 

 Process write action. Updates local vec in thread 3 - The size of localvec is 2.[location: 00000000004051F8,  seq_num: 9. value: 1]	[location: 00000000004051F4,  seq_num: 30. value: 1]	
calling the get_next_thread. 

 current action type is  atomic read   . on thread 3, sequence number is : 38 , mo_type is : relaxed. 
Current instr. nums: 15. 
Change Priority Points:  [0]: 5  
 no external read job. - read local 
search on 4 threads. current is the 0th thread.
search on 4 threads. current is the 1th thread.
add 1 reads, meet the search bound. 
search on 4 threads. current is the 2th thread.
add 1 reads, meet the search bound. 
search on 4 threads. current is the 3th thread.
build_may_read_from, current history is: 1, rf_set size is : 2 
current read action location: 4215284, threadid : 3 
In process read: current localvec size is 2.
The size of localvec is 2.[location: 00000000004051F8,  seq_num: 9. value: 1]	[location: 00000000004051F4,  seq_num: 30. value: 1]	
thread localvec size: 2 
Process read: read locally. 
local vec has such write, seqnum:30 
localvec has such variable 

 current action type is  thread finish . on thread 3, sequence number is : 39 , mo_type is : seq_cst. 
calling the get_next_thread. 

 current action type is  pthread join  . on thread 1, sequence number is : 40 , mo_type is : seq_cst. 

 current action type is  thread finish . on thread 1, sequence number is : 41 , mo_type is : seq_cst. 
******* Model-checking complete: *******
Number of complete, bug-free executions: 1
Number of buggy executions: 0
Total executions: 1


--- Run #8 ---
C11Tester
Copyright (c) 2013 and 2019 Regents of the University of California. All rights reserved.
Distributed under the GPLv2
Written by Weiyu Luo, Brian Norris, and Brian Demsky

Print current params: 
-v[NUM], --verbose[=NUM]   Default: 0 Now: 0
-x, --maxexec=NUM           Maximum number of executions. Default: 10 Now: 1
-m, --minsize=NUM           Minimum number of actions to keep Default: 0 Now: 0
-f, --freqfree=NUM          Frequency to free actions Default:500000 Now: 500000
-l, --maxscheduler=NUM		 Scheduler length limitation Default:50 Now: 20
-b, --bugdepth=NUM			 bugdepth Default:5 Now: 1
-p, --version=NUM			 c11testerversion Default:0 Now: 1
-i, --maxinstr=NUM			 read num bounds: Default:30 Now: 43
-y, --history=NUM			 rf_set searcg bounds: Default:20 Now: 1
The limit of read nums is 215. 
using pct version now. 
Change Priority Points:  [0]: 5  

 current action type is  thread start  . on thread 1, sequence number is : 1 , mo_type is : seq_cst. 

 current action type is  atomic write  . on thread 1, sequence number is : 2 , mo_type is : relaxed. 

 Process write action. Updates local vec in thread 1 - The size of localvec is 1.[location: 00000000004051F4,  seq_num: 2. value: 0]	

 current action type is  atomic write  . on thread 1, sequence number is : 3 , mo_type is : relaxed. 

 Process write action. Updates local vec in thread 1 - The size of localvec is 2.[location: 00000000004051F4,  seq_num: 2. value: 0]	[location: 00000000004051F8,  seq_num: 3. value: 0]	

 current action type is  pthread create. on thread 1, sequence number is : 4 , mo_type is : seq_cst. 

 current action type is  thread start  . on thread 2, sequence number is : 5 , mo_type is : seq_cst. 

 current action type is  pthread create. on thread 1, sequence number is : 6 , mo_type is : seq_cst. 

 current action type is  thread start  . on thread 3, sequence number is : 7 , mo_type is : seq_cst. 

 current action type is  atomic write  . on thread 2, sequence number is : 8 , mo_type is : relaxed. 

 Process write action. Updates local vec in thread 2 - The size of localvec is 1.[location: 00000000004051F4,  seq_num: 8. value: 1]	

 current action type is  atomic write  . on thread 3, sequence number is : 9 , mo_type is : relaxed. 

 Process write action. Updates local vec in thread 3 - The size of localvec is 1.[location: 00000000004051F8,  seq_num: 9. value: 1]	
calling the get_next_thread. 

 current action type is  atomic read   . on thread 3, sequence number is : 10 , mo_type is : relaxed. 
Current instr. nums: 1. 
Change Priority Points:  [0]: 5  
 no external read job. - read local 
search on 4 threads. current is the 0th thread.
search on 4 threads. current is the 1th thread.
add 1 reads, meet the search bound. 
search on 4 threads. current is the 2th thread.
add 1 reads, meet the search bound. 
search on 4 threads. current is the 3th thread.
build_may_read_from, current history is: 1, rf_set size is : 2 
current read action location: 4215284, threadid : 3 
In process read: current localvec size is 1.
The size of localvec is 1.[location: 00000000004051F8,  seq_num: 9. value: 1]	
thread localvec size: 1 
Process read: read locally. 
localvec has no variable. randomly select from rf_set. 
rf_set size is: 2. 

 current action type is  atomic write  . on thread 3, sequence number is : 11 , mo_type is : relaxed. 

 Process write action. Updates local vec in thread 3 - The size of localvec is 1.[location: 00000000004051F8,  seq_num: 9. value: 1]	
calling the get_next_thread. 

 current action type is  atomic read   . on thread 3, sequence number is : 12 , mo_type is : relaxed. 
Current instr. nums: 2. 
Change Priority Points:  [0]: 5  
 no external read job. - read local 
search on 4 threads. current is the 0th thread.
search on 4 threads. current is the 1th thread.
add 1 reads, meet the search bound. 
search on 4 threads. current is the 2th thread.
add 1 reads, meet the search bound. 
search on 4 threads. current is the 3th thread.
build_may_read_from, current history is: 1, rf_set size is : 2 
current read action location: 4215284, threadid : 3 
In process read: current localvec size is 1.
The size of localvec is 1.[location: 00000000004051F8,  seq_num: 9. value: 1]	
thread localvec size: 1 
Process read: read locally. 
localvec has no variable. randomly select from rf_set. 
rf_set size is: 2. 

 current action type is  atomic write  . on thread 3, sequence number is : 13 , mo_type is : relaxed. 

 Process write action. Updates local vec in thread 3 - The size of localvec is 1.[location: 00000000004051F8,  seq_num: 9. value: 1]	
calling the get_next_thread. 

 current action type is  atomic read   . on thread 3, sequence number is : 14 , mo_type is : relaxed. 
Current instr. nums: 3. 
Change Priority Points:  [0]: 5  
 no external read job. - read local 
search on 4 threads. current is the 0th thread.
search on 4 threads. current is the 1th thread.
add 1 reads, meet the search bound. 
search on 4 threads. current is the 2th thread.
add 1 reads, meet the search bound. 
search on 4 threads. current is the 3th thread.
build_may_read_from, current history is: 1, rf_set size is : 2 
current read action location: 4215284, threadid : 3 
In process read: current localvec size is 1.
The size of localvec is 1.[location: 00000000004051F8,  seq_num: 9. value: 1]	
thread localvec size: 1 
Process read: read locally. 
localvec has no variable. randomly select from rf_set. 
rf_set size is: 2. 

 current action type is  atomic write  . on thread 3, sequence number is : 15 , mo_type is : relaxed. 

 Process write action. Updates local vec in thread 3 - The size of localvec is 1.[location: 00000000004051F8,  seq_num: 9. value: 1]	
calling the get_next_thread. 

 current action type is  atomic read   . on thread 3, sequence number is : 16 , mo_type is : relaxed. 
Current instr. nums: 4. 
Change Priority Points:  [0]: 5  
 no external read job. - read local 
search on 4 threads. current is the 0th thread.
search on 4 threads. current is the 1th thread.
add 1 reads, meet the search bound. 
search on 4 threads. current is the 2th thread.
add 1 reads, meet the search bound. 
search on 4 threads. current is the 3th thread.
build_may_read_from, current history is: 1, rf_set size is : 2 
current read action location: 4215284, threadid : 3 
In process read: current localvec size is 1.
The size of localvec is 1.[location: 00000000004051F8,  seq_num: 9. value: 1]	
thread localvec size: 1 
Process read: read locally. 
localvec has no variable. randomly select from rf_set. 
rf_set size is: 2. 
current read action location: 4215284, threadid : 3 
In process read: current localvec size is 1.
The size of localvec is 1.[location: 00000000004051F8,  seq_num: 9. value: 1]	
thread localvec size: 1 
Process read: read locally. 
localvec has no variable. randomly select from rf_set. 
rf_set size is: 1. 

 current action type is  atomic write  . on thread 3, sequence number is : 17 , mo_type is : relaxed. 

 Process write action. Updates local vec in thread 3 - The size of localvec is 1.[location: 00000000004051F8,  seq_num: 9. value: 1]	
calling the get_next_thread. 

 current action type is  atomic read   . on thread 3, sequence number is : 18 , mo_type is : relaxed. 
Current instr. nums: 5. 
Change Priority Points:  [0]: 5  
reach the 0 change point. Change priority of thread 3. 
high priority vector: [0] : 3[1] : 1[2] : 2
Low priority threads:  [0]: 0  
high priority vector: [0] : -1[1] : 1[2] : 2
Low priority threads:  [0]: 3  
change point. current 2 avail threads.thread: 2, thread: 3, 
currently highest prio thread - thread 2. 
external_readnum job each thread: thread : 0 does not need read externally. thread : 1 does not need read externally. thread : 2 does not need read externally. thread : 3 need read externally. 
Change Priority Points:  [0]: 5  
now we are at the 0 change point. 
now we reselect the highest prio thread. 
now change point: select the new highest thread.current 2 avail threads.thread: 2, thread: 3, 
return the highest thread: 2 

 current action type is  atomic read   . on thread 2, sequence number is : 19 , mo_type is : relaxed. 
Current instr. nums: 6. 
Change Priority Points:  [0]: 5  
 no external read job. - read local 
search on 4 threads. current is the 0th thread.
search on 4 threads. current is the 1th thread.
add 1 reads, meet the search bound. 
search on 4 threads. current is the 2th thread.
search on 4 threads. current is the 3th thread.
add 1 reads, meet the search bound. 
build_may_read_from, current history is: 1, rf_set size is : 2 
current read action location: 4215288, threadid : 2 
In process read: current localvec size is 1.
The size of localvec is 1.[location: 00000000004051F4,  seq_num: 8. value: 1]	
thread localvec size: 1 
Process read: read locally. 
localvec has no variable. randomly select from rf_set. 
rf_set size is: 2. 

 current action type is  atomic write  . on thread 2, sequence number is : 20 , mo_type is : relaxed. 

 Process write action. Updates local vec in thread 2 - The size of localvec is 1.[location: 00000000004051F4,  seq_num: 8. value: 1]	
calling the get_next_thread. 

 current action type is  atomic read   . on thread 2, sequence number is : 21 , mo_type is : relaxed. 
Current instr. nums: 7. 
Change Priority Points:  [0]: 5  
 no external read job. - read local 
search on 4 threads. current is the 0th thread.
search on 4 threads. current is the 1th thread.
add 1 reads, meet the search bound. 
search on 4 threads. current is the 2th thread.
search on 4 threads. current is the 3th thread.
add 1 reads, meet the search bound. 
build_may_read_from, current history is: 1, rf_set size is : 2 
current read action location: 4215288, threadid : 2 
In process read: current localvec size is 1.
The size of localvec is 1.[location: 00000000004051F4,  seq_num: 8. value: 1]	
thread localvec size: 1 
Process read: read locally. 
localvec has no variable. randomly select from rf_set. 
rf_set size is: 2. 
current read action location: 4215288, threadid : 2 
In process read: current localvec size is 1.
The size of localvec is 1.[location: 00000000004051F4,  seq_num: 8. value: 1]	
thread localvec size: 1 
Process read: read locally. 
localvec has no variable. randomly select from rf_set. 
rf_set size is: 1. 

 current action type is  atomic write  . on thread 2, sequence number is : 22 , mo_type is : relaxed. 

 Process write action. Updates local vec in thread 2 - The size of localvec is 1.[location: 00000000004051F4,  seq_num: 8. value: 1]	
calling the get_next_thread. 

 current action type is  atomic read   . on thread 2, sequence number is : 23 , mo_type is : relaxed. 
Current instr. nums: 8. 
Change Priority Points:  [0]: 5  
 no external read job. - read local 
search on 4 threads. current is the 0th thread.
search on 4 threads. current is the 1th thread.
add 1 reads, meet the search bound. 
search on 4 threads. current is the 2th thread.
search on 4 threads. current is the 3th thread.
add 1 reads, meet the search bound. 
build_may_read_from, current history is: 1, rf_set size is : 2 
current read action location: 4215288, threadid : 2 
In process read: current localvec size is 1.
The size of localvec is 1.[location: 00000000004051F4,  seq_num: 8. value: 1]	
thread localvec size: 1 
Process read: read locally. 
localvec has no variable. randomly select from rf_set. 
rf_set size is: 2. 

 current action type is  atomic write  . on thread 2, sequence number is : 24 , mo_type is : relaxed. 

 Process write action. Updates local vec in thread 2 - The size of localvec is 1.[location: 00000000004051F4,  seq_num: 8. value: 1]	
calling the get_next_thread. 

 current action type is  atomic read   . on thread 2, sequence number is : 25 , mo_type is : relaxed. 
Current instr. nums: 9. 
Change Priority Points:  [0]: 5  
 no external read job. - read local 
search on 4 threads. current is the 0th thread.
search on 4 threads. current is the 1th thread.
add 1 reads, meet the search bound. 
search on 4 threads. current is the 2th thread.
search on 4 threads. current is the 3th thread.
add 1 reads, meet the search bound. 
build_may_read_from, current history is: 1, rf_set size is : 2 
current read action location: 4215288, threadid : 2 
In process read: current localvec size is 1.
The size of localvec is 1.[location: 00000000004051F4,  seq_num: 8. value: 1]	
thread localvec size: 1 
Process read: read locally. 
localvec has no variable. randomly select from rf_set. 
rf_set size is: 2. 

 current action type is  atomic write  . on thread 2, sequence number is : 26 , mo_type is : relaxed. 

 Process write action. Updates local vec in thread 2 - The size of localvec is 1.[location: 00000000004051F4,  seq_num: 8. value: 1]	
calling the get_next_thread. 

 current action type is  atomic read   . on thread 2, sequence number is : 27 , mo_type is : relaxed. 
Current instr. nums: 10. 
Change Priority Points:  [0]: 5  
 no external read job. - read local 
search on 4 threads. current is the 0th thread.
search on 4 threads. current is the 1th thread.
add 1 reads, meet the search bound. 
search on 4 threads. current is the 2th thread.
search on 4 threads. current is the 3th thread.
add 1 reads, meet the search bound. 
build_may_read_from, current history is: 1, rf_set size is : 2 
current read action location: 4215288, threadid : 2 
In process read: current localvec size is 1.
The size of localvec is 1.[location: 00000000004051F4,  seq_num: 8. value: 1]	
thread localvec size: 1 
Process read: read locally. 
localvec has no variable. randomly select from rf_set. 
rf_set size is: 2. 

 current action type is  atomic write  . on thread 2, sequence number is : 28 , mo_type is : relaxed. 

 Process write action. Updates local vec in thread 2 - The size of localvec is 1.[location: 00000000004051F4,  seq_num: 8. value: 1]	
calling the get_next_thread. 

 current action type is  atomic read   . on thread 2, sequence number is : 29 , mo_type is : relaxed. 
Current instr. nums: 11. 
Change Priority Points:  [0]: 5  
 no external read job. - read local 
search on 4 threads. current is the 0th thread.
search on 4 threads. current is the 1th thread.
add 1 reads, meet the search bound. 
search on 4 threads. current is the 2th thread.
search on 4 threads. current is the 3th thread.
add 1 reads, meet the search bound. 
build_may_read_from, current history is: 1, rf_set size is : 2 
current read action location: 4215288, threadid : 2 
In process read: current localvec size is 1.
The size of localvec is 1.[location: 00000000004051F4,  seq_num: 8. value: 1]	
thread localvec size: 1 
Process read: read locally. 
localvec has no variable. randomly select from rf_set. 
rf_set size is: 2. 
current read action location: 4215288, threadid : 2 
In process read: current localvec size is 1.
The size of localvec is 1.[location: 00000000004051F4,  seq_num: 8. value: 1]	
thread localvec size: 1 
Process read: read locally. 
localvec has no variable. randomly select from rf_set. 
rf_set size is: 1. 

 current action type is  atomic write  . on thread 2, sequence number is : 30 , mo_type is : relaxed. 

 Process write action. Updates local vec in thread 2 - The size of localvec is 1.[location: 00000000004051F4,  seq_num: 8. value: 1]	
calling the get_next_thread. 

 current action type is  atomic read   . on thread 2, sequence number is : 31 , mo_type is : relaxed. 
Current instr. nums: 12. 
Change Priority Points:  [0]: 5  
 no external read job. - read local 
search on 4 threads. current is the 0th thread.
search on 4 threads. current is the 1th thread.
add 1 reads, meet the search bound. 
search on 4 threads. current is the 2th thread.
search on 4 threads. current is the 3th thread.
add 1 reads, meet the search bound. 
build_may_read_from, current history is: 1, rf_set size is : 2 
current read action location: 4215288, threadid : 2 
In process read: current localvec size is 1.
The size of localvec is 1.[location: 00000000004051F4,  seq_num: 8. value: 1]	
thread localvec size: 1 
Process read: read locally. 
localvec has no variable. randomly select from rf_set. 
rf_set size is: 2. 

 current action type is  thread finish . on thread 2, sequence number is : 32 , mo_type is : seq_cst. 
calling the get_next_thread. 

 current action type is  pthread join  . on thread 1, sequence number is : 33 , mo_type is : seq_cst. 
calling the get_next_thread. 

 current action type is  atomic read   . on thread 3, sequence number is : 34 , mo_type is : relaxed. 
Current instr. nums: 13. 
Change Priority Points:  [0]: 5  
we meet a pending read again have read external job. - read external
search on 4 threads. current is the 0th thread.
search on 4 threads. current is the 1th thread.
add 1 reads, meet the search bound. 
search on 4 threads. current is the 2th thread.
add 1 reads, meet the search bound. 
search on 4 threads. current is the 3th thread.
build_may_read_from, current history is: 1, rf_set size is : 2 
current read action location: 4215284, threadid : 3 
In process read: current localvec size is 1.
The size of localvec is 1.[location: 00000000004051F8,  seq_num: 9. value: 1]	
Process read: read externally. 
external_readnum job each thread: thread : 0 does not need read externally. thread : 1 does not need read externally. thread : 2 does not need read externally. thread : 3 does not need read externally. 

 current action type is  atomic write  . on thread 3, sequence number is : 35 , mo_type is : relaxed. 

 Process write action. Updates local vec in thread 3 - The size of localvec is 2.[location: 00000000004051F8,  seq_num: 9. value: 1]	[location: 00000000004051F4,  seq_num: 30. value: 1]	
calling the get_next_thread. 

 current action type is  atomic read   . on thread 3, sequence number is : 36 , mo_type is : relaxed. 
Current instr. nums: 14. 
Change Priority Points:  [0]: 5  
 no external read job. - read local 
search on 4 threads. current is the 0th thread.
search on 4 threads. current is the 1th thread.
add 1 reads, meet the search bound. 
search on 4 threads. current is the 2th thread.
add 1 reads, meet the search bound. 
search on 4 threads. current is the 3th thread.
build_may_read_from, current history is: 1, rf_set size is : 2 
current read action location: 4215284, threadid : 3 
In process read: current localvec size is 2.
The size of localvec is 2.[location: 00000000004051F8,  seq_num: 9. value: 1]	[location: 00000000004051F4,  seq_num: 30. value: 1]	
thread localvec size: 2 
Process read: read locally. 
local vec has such write, seqnum:30 
localvec has such variable 

 current action type is  atomic write  . on thread 3, sequence number is : 37 , mo_type is : relaxed. 

 Process write action. Updates local vec in thread 3 - The size of localvec is 2.[location: 00000000004051F8,  seq_num: 9. value: 1]	[location: 00000000004051F4,  seq_num: 30. value: 1]	
calling the get_next_thread. 

 current action type is  atomic read   . on thread 3, sequence number is : 38 , mo_type is : relaxed. 
Current instr. nums: 15. 
Change Priority Points:  [0]: 5  
 no external read job. - read local 
search on 4 threads. current is the 0th thread.
search on 4 threads. current is the 1th thread.
add 1 reads, meet the search bound. 
search on 4 threads. current is the 2th thread.
add 1 reads, meet the search bound. 
search on 4 threads. current is the 3th thread.
build_may_read_from, current history is: 1, rf_set size is : 2 
current read action location: 4215284, threadid : 3 
In process read: current localvec size is 2.
The size of localvec is 2.[location: 00000000004051F8,  seq_num: 9. value: 1]	[location: 00000000004051F4,  seq_num: 30. value: 1]	
thread localvec size: 2 
Process read: read locally. 
local vec has such write, seqnum:30 
localvec has such variable 

 current action type is  thread finish . on thread 3, sequence number is : 39 , mo_type is : seq_cst. 
calling the get_next_thread. 

 current action type is  pthread join  . on thread 1, sequence number is : 40 , mo_type is : seq_cst. 

 current action type is  thread finish . on thread 1, sequence number is : 41 , mo_type is : seq_cst. 
******* Model-checking complete: *******
Number of complete, bug-free executions: 1
Number of buggy executions: 0
Total executions: 1


--- Run #9 ---
C11Tester
Copyright (c) 2013 and 2019 Regents of the University of California. All rights reserved.
Distributed under the GPLv2
Written by Weiyu Luo, Brian Norris, and Brian Demsky

Print current params: 
-v[NUM], --verbose[=NUM]   Default: 0 Now: 0
-x, --maxexec=NUM           Maximum number of executions. Default: 10 Now: 1
-m, --minsize=NUM           Minimum number of actions to keep Default: 0 Now: 0
-f, --freqfree=NUM          Frequency to free actions Default:500000 Now: 500000
-l, --maxscheduler=NUM		 Scheduler length limitation Default:50 Now: 20
-b, --bugdepth=NUM			 bugdepth Default:5 Now: 1
-p, --version=NUM			 c11testerversion Default:0 Now: 1
-i, --maxinstr=NUM			 read num bounds: Default:30 Now: 43
-y, --history=NUM			 rf_set searcg bounds: Default:20 Now: 1
The limit of read nums is 215. 
using pct version now. 
Change Priority Points:  [0]: 5  

 current action type is  thread start  . on thread 1, sequence number is : 1 , mo_type is : seq_cst. 

 current action type is  atomic write  . on thread 1, sequence number is : 2 , mo_type is : relaxed. 

 Process write action. Updates local vec in thread 1 - The size of localvec is 1.[location: 00000000004051F4,  seq_num: 2. value: 0]	

 current action type is  atomic write  . on thread 1, sequence number is : 3 , mo_type is : relaxed. 

 Process write action. Updates local vec in thread 1 - The size of localvec is 2.[location: 00000000004051F4,  seq_num: 2. value: 0]	[location: 00000000004051F8,  seq_num: 3. value: 0]	

 current action type is  pthread create. on thread 1, sequence number is : 4 , mo_type is : seq_cst. 

 current action type is  thread start  . on thread 2, sequence number is : 5 , mo_type is : seq_cst. 

 current action type is  pthread create. on thread 1, sequence number is : 6 , mo_type is : seq_cst. 

 current action type is  thread start  . on thread 3, sequence number is : 7 , mo_type is : seq_cst. 

 current action type is  atomic write  . on thread 2, sequence number is : 8 , mo_type is : relaxed. 

 Process write action. Updates local vec in thread 2 - The size of localvec is 1.[location: 00000000004051F4,  seq_num: 8. value: 1]	

 current action type is  atomic write  . on thread 3, sequence number is : 9 , mo_type is : relaxed. 

 Process write action. Updates local vec in thread 3 - The size of localvec is 1.[location: 00000000004051F8,  seq_num: 9. value: 1]	
calling the get_next_thread. 

 current action type is  atomic read   . on thread 2, sequence number is : 10 , mo_type is : relaxed. 
Current instr. nums: 1. 
Change Priority Points:  [0]: 5  
 no external read job. - read local 
search on 4 threads. current is the 0th thread.
search on 4 threads. current is the 1th thread.
add 1 reads, meet the search bound. 
search on 4 threads. current is the 2th thread.
search on 4 threads. current is the 3th thread.
add 1 reads, meet the search bound. 
build_may_read_from, current history is: 1, rf_set size is : 2 
current read action location: 4215288, threadid : 2 
In process read: current localvec size is 1.
The size of localvec is 1.[location: 00000000004051F4,  seq_num: 8. value: 1]	
thread localvec size: 1 
Process read: read locally. 
localvec has no variable. randomly select from rf_set. 
rf_set size is: 2. 

 current action type is  atomic write  . on thread 2, sequence number is : 11 , mo_type is : relaxed. 

 Process write action. Updates local vec in thread 2 - The size of localvec is 1.[location: 00000000004051F4,  seq_num: 8. value: 1]	
calling the get_next_thread. 

 current action type is  atomic read   . on thread 2, sequence number is : 12 , mo_type is : relaxed. 
Current instr. nums: 2. 
Change Priority Points:  [0]: 5  
 no external read job. - read local 
search on 4 threads. current is the 0th thread.
search on 4 threads. current is the 1th thread.
add 1 reads, meet the search bound. 
search on 4 threads. current is the 2th thread.
search on 4 threads. current is the 3th thread.
add 1 reads, meet the search bound. 
build_may_read_from, current history is: 1, rf_set size is : 2 
current read action location: 4215288, threadid : 2 
In process read: current localvec size is 1.
The size of localvec is 1.[location: 00000000004051F4,  seq_num: 8. value: 1]	
thread localvec size: 1 
Process read: read locally. 
localvec has no variable. randomly select from rf_set. 
rf_set size is: 2. 

 current action type is  atomic write  . on thread 2, sequence number is : 13 , mo_type is : relaxed. 

 Process write action. Updates local vec in thread 2 - The size of localvec is 1.[location: 00000000004051F4,  seq_num: 8. value: 1]	
calling the get_next_thread. 

 current action type is  atomic read   . on thread 2, sequence number is : 14 , mo_type is : relaxed. 
Current instr. nums: 3. 
Change Priority Points:  [0]: 5  
 no external read job. - read local 
search on 4 threads. current is the 0th thread.
search on 4 threads. current is the 1th thread.
add 1 reads, meet the search bound. 
search on 4 threads. current is the 2th thread.
search on 4 threads. current is the 3th thread.
add 1 reads, meet the search bound. 
build_may_read_from, current history is: 1, rf_set size is : 2 
current read action location: 4215288, threadid : 2 
In process read: current localvec size is 1.
The size of localvec is 1.[location: 00000000004051F4,  seq_num: 8. value: 1]	
thread localvec size: 1 
Process read: read locally. 
localvec has no variable. randomly select from rf_set. 
rf_set size is: 2. 

 current action type is  atomic write  . on thread 2, sequence number is : 15 , mo_type is : relaxed. 

 Process write action. Updates local vec in thread 2 - The size of localvec is 1.[location: 00000000004051F4,  seq_num: 8. value: 1]	
calling the get_next_thread. 

 current action type is  atomic read   . on thread 2, sequence number is : 16 , mo_type is : relaxed. 
Current instr. nums: 4. 
Change Priority Points:  [0]: 5  
 no external read job. - read local 
search on 4 threads. current is the 0th thread.
search on 4 threads. current is the 1th thread.
add 1 reads, meet the search bound. 
search on 4 threads. current is the 2th thread.
search on 4 threads. current is the 3th thread.
add 1 reads, meet the search bound. 
build_may_read_from, current history is: 1, rf_set size is : 2 
current read action location: 4215288, threadid : 2 
In process read: current localvec size is 1.
The size of localvec is 1.[location: 00000000004051F4,  seq_num: 8. value: 1]	
thread localvec size: 1 
Process read: read locally. 
localvec has no variable. randomly select from rf_set. 
rf_set size is: 2. 

 current action type is  atomic write  . on thread 2, sequence number is : 17 , mo_type is : relaxed. 

 Process write action. Updates local vec in thread 2 - The size of localvec is 1.[location: 00000000004051F4,  seq_num: 8. value: 1]	
calling the get_next_thread. 

 current action type is  atomic read   . on thread 2, sequence number is : 18 , mo_type is : relaxed. 
Current instr. nums: 5. 
Change Priority Points:  [0]: 5  
reach the 0 change point. Change priority of thread 2. 
high priority vector: [0] : 2[1] : 3[2] : 1
Low priority threads:  [0]: 0  
high priority vector: [0] : -1[1] : 3[2] : 1
Low priority threads:  [0]: 2  
change point. current 2 avail threads.thread: 2, thread: 3, 
currently highest prio thread - thread 3. 
external_readnum job each thread: thread : 0 does not need read externally. thread : 1 does not need read externally. thread : 2 need read externally. 
Change Priority Points:  [0]: 5  
now we are at the 0 change point. 
now we reselect the highest prio thread. 
now change point: select the new highest thread.current 2 avail threads.thread: 2, thread: 3, 
return the highest thread: 3 

 current action type is  atomic read   . on thread 3, sequence number is : 19 , mo_type is : relaxed. 
Current instr. nums: 6. 
Change Priority Points:  [0]: 5  
 no external read job. - read local 
search on 4 threads. current is the 0th thread.
search on 4 threads. current is the 1th thread.
add 1 reads, meet the search bound. 
search on 4 threads. current is the 2th thread.
add 1 reads, meet the search bound. 
search on 4 threads. current is the 3th thread.
build_may_read_from, current history is: 1, rf_set size is : 2 
current read action location: 4215284, threadid : 3 
In process read: current localvec size is 1.
The size of localvec is 1.[location: 00000000004051F8,  seq_num: 9. value: 1]	
thread localvec size: 1 
Process read: read locally. 
localvec has no variable. randomly select from rf_set. 
rf_set size is: 2. 

 current action type is  atomic write  . on thread 3, sequence number is : 20 , mo_type is : relaxed. 

 Process write action. Updates local vec in thread 3 - The size of localvec is 1.[location: 00000000004051F8,  seq_num: 9. value: 1]	
calling the get_next_thread. 

 current action type is  atomic read   . on thread 3, sequence number is : 21 , mo_type is : relaxed. 
Current instr. nums: 7. 
Change Priority Points:  [0]: 5  
 no external read job. - read local 
search on 4 threads. current is the 0th thread.
search on 4 threads. current is the 1th thread.
add 1 reads, meet the search bound. 
search on 4 threads. current is the 2th thread.
add 1 reads, meet the search bound. 
search on 4 threads. current is the 3th thread.
build_may_read_from, current history is: 1, rf_set size is : 2 
current read action location: 4215284, threadid : 3 
In process read: current localvec size is 1.
The size of localvec is 1.[location: 00000000004051F8,  seq_num: 9. value: 1]	
thread localvec size: 1 
Process read: read locally. 
localvec has no variable. randomly select from rf_set. 
rf_set size is: 2. 

 current action type is  atomic write  . on thread 3, sequence number is : 22 , mo_type is : relaxed. 

 Process write action. Updates local vec in thread 3 - The size of localvec is 1.[location: 00000000004051F8,  seq_num: 9. value: 1]	
calling the get_next_thread. 

 current action type is  atomic read   . on thread 3, sequence number is : 23 , mo_type is : relaxed. 
Current instr. nums: 8. 
Change Priority Points:  [0]: 5  
 no external read job. - read local 
search on 4 threads. current is the 0th thread.
search on 4 threads. current is the 1th thread.
add 1 reads, meet the search bound. 
search on 4 threads. current is the 2th thread.
add 1 reads, meet the search bound. 
search on 4 threads. current is the 3th thread.
build_may_read_from, current history is: 1, rf_set size is : 2 
current read action location: 4215284, threadid : 3 
In process read: current localvec size is 1.
The size of localvec is 1.[location: 00000000004051F8,  seq_num: 9. value: 1]	
thread localvec size: 1 
Process read: read locally. 
localvec has no variable. randomly select from rf_set. 
rf_set size is: 2. 
current read action location: 4215284, threadid : 3 
In process read: current localvec size is 1.
The size of localvec is 1.[location: 00000000004051F8,  seq_num: 9. value: 1]	
thread localvec size: 1 
Process read: read locally. 
localvec has no variable. randomly select from rf_set. 
rf_set size is: 1. 

 current action type is  atomic write  . on thread 3, sequence number is : 24 , mo_type is : relaxed. 

 Process write action. Updates local vec in thread 3 - The size of localvec is 1.[location: 00000000004051F8,  seq_num: 9. value: 1]	
calling the get_next_thread. 

 current action type is  atomic read   . on thread 3, sequence number is : 25 , mo_type is : relaxed. 
Current instr. nums: 9. 
Change Priority Points:  [0]: 5  
 no external read job. - read local 
search on 4 threads. current is the 0th thread.
search on 4 threads. current is the 1th thread.
add 1 reads, meet the search bound. 
search on 4 threads. current is the 2th thread.
add 1 reads, meet the search bound. 
search on 4 threads. current is the 3th thread.
build_may_read_from, current history is: 1, rf_set size is : 2 
current read action location: 4215284, threadid : 3 
In process read: current localvec size is 1.
The size of localvec is 1.[location: 00000000004051F8,  seq_num: 9. value: 1]	
thread localvec size: 1 
Process read: read locally. 
localvec has no variable. randomly select from rf_set. 
rf_set size is: 2. 
current read action location: 4215284, threadid : 3 
In process read: current localvec size is 1.
The size of localvec is 1.[location: 00000000004051F8,  seq_num: 9. value: 1]	
thread localvec size: 1 
Process read: read locally. 
localvec has no variable. randomly select from rf_set. 
rf_set size is: 1. 

 current action type is  atomic write  . on thread 3, sequence number is : 26 , mo_type is : relaxed. 

 Process write action. Updates local vec in thread 3 - The size of localvec is 1.[location: 00000000004051F8,  seq_num: 9. value: 1]	
calling the get_next_thread. 

 current action type is  atomic read   . on thread 3, sequence number is : 27 , mo_type is : relaxed. 
Current instr. nums: 10. 
Change Priority Points:  [0]: 5  
 no external read job. - read local 
search on 4 threads. current is the 0th thread.
search on 4 threads. current is the 1th thread.
add 1 reads, meet the search bound. 
search on 4 threads. current is the 2th thread.
add 1 reads, meet the search bound. 
search on 4 threads. current is the 3th thread.
build_may_read_from, current history is: 1, rf_set size is : 2 
current read action location: 4215284, threadid : 3 
In process read: current localvec size is 1.
The size of localvec is 1.[location: 00000000004051F8,  seq_num: 9. value: 1]	
thread localvec size: 1 
Process read: read locally. 
localvec has no variable. randomly select from rf_set. 
rf_set size is: 2. 

 current action type is  atomic write  . on thread 3, sequence number is : 28 , mo_type is : relaxed. 

 Process write action. Updates local vec in thread 3 - The size of localvec is 1.[location: 00000000004051F8,  seq_num: 9. value: 1]	
calling the get_next_thread. 

 current action type is  atomic read   . on thread 3, sequence number is : 29 , mo_type is : relaxed. 
Current instr. nums: 11. 
Change Priority Points:  [0]: 5  
 no external read job. - read local 
search on 4 threads. current is the 0th thread.
search on 4 threads. current is the 1th thread.
add 1 reads, meet the search bound. 
search on 4 threads. current is the 2th thread.
add 1 reads, meet the search bound. 
search on 4 threads. current is the 3th thread.
build_may_read_from, current history is: 1, rf_set size is : 2 
current read action location: 4215284, threadid : 3 
In process read: current localvec size is 1.
The size of localvec is 1.[location: 00000000004051F8,  seq_num: 9. value: 1]	
thread localvec size: 1 
Process read: read locally. 
localvec has no variable. randomly select from rf_set. 
rf_set size is: 2. 
current read action location: 4215284, threadid : 3 
In process read: current localvec size is 1.
The size of localvec is 1.[location: 00000000004051F8,  seq_num: 9. value: 1]	
thread localvec size: 1 
Process read: read locally. 
localvec has no variable. randomly select from rf_set. 
rf_set size is: 1. 

 current action type is  atomic write  . on thread 3, sequence number is : 30 , mo_type is : relaxed. 

 Process write action. Updates local vec in thread 3 - The size of localvec is 1.[location: 00000000004051F8,  seq_num: 9. value: 1]	
calling the get_next_thread. 

 current action type is  atomic read   . on thread 3, sequence number is : 31 , mo_type is : relaxed. 
Current instr. nums: 12. 
Change Priority Points:  [0]: 5  
 no external read job. - read local 
search on 4 threads. current is the 0th thread.
search on 4 threads. current is the 1th thread.
add 1 reads, meet the search bound. 
search on 4 threads. current is the 2th thread.
add 1 reads, meet the search bound. 
search on 4 threads. current is the 3th thread.
build_may_read_from, current history is: 1, rf_set size is : 2 
current read action location: 4215284, threadid : 3 
In process read: current localvec size is 1.
The size of localvec is 1.[location: 00000000004051F8,  seq_num: 9. value: 1]	
thread localvec size: 1 
Process read: read locally. 
localvec has no variable. randomly select from rf_set. 
rf_set size is: 2. 

 current action type is  thread finish . on thread 3, sequence number is : 32 , mo_type is : seq_cst. 
calling the get_next_thread. 

 current action type is  atomic read   . on thread 2, sequence number is : 33 , mo_type is : relaxed. 
Current instr. nums: 13. 
Change Priority Points:  [0]: 5  
we meet a pending read again have read external job. - read external
search on 4 threads. current is the 0th thread.
search on 4 threads. current is the 1th thread.
add 1 reads, meet the search bound. 
search on 4 threads. current is the 2th thread.
search on 4 threads. current is the 3th thread.
add 1 reads, meet the search bound. 
build_may_read_from, current history is: 1, rf_set size is : 2 
current read action location: 4215288, threadid : 2 
In process read: current localvec size is 1.
The size of localvec is 1.[location: 00000000004051F4,  seq_num: 8. value: 1]	
Process read: read externally. 
current read action location: 4215288, threadid : 2 
In process read: current localvec size is 2.
The size of localvec is 2.[location: 00000000004051F4,  seq_num: 8. value: 1]	[location: 00000000004051F8,  seq_num: 3. value: 0]	
Process read: read externally. 
external_readnum job each thread: thread : 0 does not need read externally. thread : 1 does not need read externally. thread : 2 does not need read externally. thread : 3 does not need read externally. 

 current action type is  atomic write  . on thread 2, sequence number is : 34 , mo_type is : relaxed. 

 Process write action. Updates local vec in thread 2 - The size of localvec is 2.[location: 00000000004051F4,  seq_num: 8. value: 1]	[location: 00000000004051F8,  seq_num: 3. value: 0]	
calling the get_next_thread. 

 current action type is  atomic read   . on thread 2, sequence number is : 35 , mo_type is : relaxed. 
Current instr. nums: 14. 
Change Priority Points:  [0]: 5  
 no external read job. - read local 
search on 4 threads. current is the 0th thread.
search on 4 threads. current is the 1th thread.
add 1 reads, meet the search bound. 
search on 4 threads. current is the 2th thread.
search on 4 threads. current is the 3th thread.
add 1 reads, meet the search bound. 
build_may_read_from, current history is: 1, rf_set size is : 2 
current read action location: 4215288, threadid : 2 
In process read: current localvec size is 2.
The size of localvec is 2.[location: 00000000004051F4,  seq_num: 8. value: 1]	[location: 00000000004051F8,  seq_num: 3. value: 0]	
thread localvec size: 2 
Process read: read locally. 
local vec has such write, seqnum:3 
localvec has such variable 
current read action location: 4215288, threadid : 2 
In process read: current localvec size is 2.
The size of localvec is 2.[location: 00000000004051F4,  seq_num: 8. value: 1]	[location: 00000000004051F8,  seq_num: 3. value: 0]	
thread localvec size: 2 
Process read: read locally. 
local vec has such write, seqnum:3 
localvec has one variable. but not in the rf_set 
rf_set size is: 1. 

 current action type is  atomic write  . on thread 2, sequence number is : 36 , mo_type is : relaxed. 

 Process write action. Updates local vec in thread 2 - The size of localvec is 2.[location: 00000000004051F4,  seq_num: 8. value: 1]	[location: 00000000004051F8,  seq_num: 3. value: 0]	
calling the get_next_thread. 

 current action type is  atomic read   . on thread 2, sequence number is : 37 , mo_type is : relaxed. 
Current instr. nums: 15. 
Change Priority Points:  [0]: 5  
 no external read job. - read local 
search on 4 threads. current is the 0th thread.
search on 4 threads. current is the 1th thread.
add 1 reads, meet the search bound. 
search on 4 threads. current is the 2th thread.
search on 4 threads. current is the 3th thread.
add 1 reads, meet the search bound. 
build_may_read_from, current history is: 1, rf_set size is : 2 
current read action location: 4215288, threadid : 2 
In process read: current localvec size is 2.
The size of localvec is 2.[location: 00000000004051F4,  seq_num: 8. value: 1]	[location: 00000000004051F8,  seq_num: 3. value: 0]	
thread localvec size: 2 
Process read: read locally. 
local vec has such write, seqnum:3 
localvec has such variable 
current read action location: 4215288, threadid : 2 
In process read: current localvec size is 2.
The size of localvec is 2.[location: 00000000004051F4,  seq_num: 8. value: 1]	[location: 00000000004051F8,  seq_num: 3. value: 0]	
thread localvec size: 2 
Process read: read locally. 
local vec has such write, seqnum:3 
localvec has one variable. but not in the rf_set 
rf_set size is: 1. 

 current action type is  thread finish . on thread 2, sequence number is : 38 , mo_type is : seq_cst. 
calling the get_next_thread. 

 current action type is  pthread join  . on thread 1, sequence number is : 39 , mo_type is : seq_cst. 
calling the get_next_thread. 

 current action type is  pthread join  . on thread 1, sequence number is : 40 , mo_type is : seq_cst. 

 current action type is  thread finish . on thread 1, sequence number is : 41 , mo_type is : seq_cst. 
******* Model-checking complete: *******
Number of complete, bug-free executions: 1
Number of buggy executions: 0
Total executions: 1


--- Run #10 ---
C11Tester
Copyright (c) 2013 and 2019 Regents of the University of California. All rights reserved.
Distributed under the GPLv2
Written by Weiyu Luo, Brian Norris, and Brian Demsky

Print current params: 
-v[NUM], --verbose[=NUM]   Default: 0 Now: 0
-x, --maxexec=NUM           Maximum number of executions. Default: 10 Now: 1
-m, --minsize=NUM           Minimum number of actions to keep Default: 0 Now: 0
-f, --freqfree=NUM          Frequency to free actions Default:500000 Now: 500000
-l, --maxscheduler=NUM		 Scheduler length limitation Default:50 Now: 20
-b, --bugdepth=NUM			 bugdepth Default:5 Now: 1
-p, --version=NUM			 c11testerversion Default:0 Now: 1
-i, --maxinstr=NUM			 read num bounds: Default:30 Now: 43
-y, --history=NUM			 rf_set searcg bounds: Default:20 Now: 1
The limit of read nums is 215. 
using pct version now. 
Change Priority Points:  [0]: 5  

 current action type is  thread start  . on thread 1, sequence number is : 1 , mo_type is : seq_cst. 

 current action type is  atomic write  . on thread 1, sequence number is : 2 , mo_type is : relaxed. 

 Process write action. Updates local vec in thread 1 - The size of localvec is 1.[location: 00000000004051F4,  seq_num: 2. value: 0]	

 current action type is  atomic write  . on thread 1, sequence number is : 3 , mo_type is : relaxed. 

 Process write action. Updates local vec in thread 1 - The size of localvec is 2.[location: 00000000004051F4,  seq_num: 2. value: 0]	[location: 00000000004051F8,  seq_num: 3. value: 0]	

 current action type is  pthread create. on thread 1, sequence number is : 4 , mo_type is : seq_cst. 

 current action type is  thread start  . on thread 2, sequence number is : 5 , mo_type is : seq_cst. 

 current action type is  pthread create. on thread 1, sequence number is : 6 , mo_type is : seq_cst. 

 current action type is  thread start  . on thread 3, sequence number is : 7 , mo_type is : seq_cst. 

 current action type is  atomic write  . on thread 2, sequence number is : 8 , mo_type is : relaxed. 

 Process write action. Updates local vec in thread 2 - The size of localvec is 1.[location: 00000000004051F4,  seq_num: 8. value: 1]	

 current action type is  atomic write  . on thread 3, sequence number is : 9 , mo_type is : relaxed. 

 Process write action. Updates local vec in thread 3 - The size of localvec is 1.[location: 00000000004051F8,  seq_num: 9. value: 1]	
calling the get_next_thread. 

 current action type is  atomic read   . on thread 3, sequence number is : 10 , mo_type is : relaxed. 
Current instr. nums: 1. 
Change Priority Points:  [0]: 5  
 no external read job. - read local 
search on 4 threads. current is the 0th thread.
search on 4 threads. current is the 1th thread.
add 1 reads, meet the search bound. 
search on 4 threads. current is the 2th thread.
add 1 reads, meet the search bound. 
search on 4 threads. current is the 3th thread.
build_may_read_from, current history is: 1, rf_set size is : 2 
current read action location: 4215284, threadid : 3 
In process read: current localvec size is 1.
The size of localvec is 1.[location: 00000000004051F8,  seq_num: 9. value: 1]	
thread localvec size: 1 
Process read: read locally. 
localvec has no variable. randomly select from rf_set. 
rf_set size is: 2. 

 current action type is  atomic write  . on thread 3, sequence number is : 11 , mo_type is : relaxed. 

 Process write action. Updates local vec in thread 3 - The size of localvec is 1.[location: 00000000004051F8,  seq_num: 9. value: 1]	
calling the get_next_thread. 

 current action type is  atomic read   . on thread 3, sequence number is : 12 , mo_type is : relaxed. 
Current instr. nums: 2. 
Change Priority Points:  [0]: 5  
 no external read job. - read local 
search on 4 threads. current is the 0th thread.
search on 4 threads. current is the 1th thread.
add 1 reads, meet the search bound. 
search on 4 threads. current is the 2th thread.
add 1 reads, meet the search bound. 
search on 4 threads. current is the 3th thread.
build_may_read_from, current history is: 1, rf_set size is : 2 
current read action location: 4215284, threadid : 3 
In process read: current localvec size is 1.
The size of localvec is 1.[location: 00000000004051F8,  seq_num: 9. value: 1]	
thread localvec size: 1 
Process read: read locally. 
localvec has no variable. randomly select from rf_set. 
rf_set size is: 2. 

 current action type is  atomic write  . on thread 3, sequence number is : 13 , mo_type is : relaxed. 

 Process write action. Updates local vec in thread 3 - The size of localvec is 1.[location: 00000000004051F8,  seq_num: 9. value: 1]	
calling the get_next_thread. 

 current action type is  atomic read   . on thread 3, sequence number is : 14 , mo_type is : relaxed. 
Current instr. nums: 3. 
Change Priority Points:  [0]: 5  
 no external read job. - read local 
search on 4 threads. current is the 0th thread.
search on 4 threads. current is the 1th thread.
add 1 reads, meet the search bound. 
search on 4 threads. current is the 2th thread.
add 1 reads, meet the search bound. 
search on 4 threads. current is the 3th thread.
build_may_read_from, current history is: 1, rf_set size is : 2 
current read action location: 4215284, threadid : 3 
In process read: current localvec size is 1.
The size of localvec is 1.[location: 00000000004051F8,  seq_num: 9. value: 1]	
thread localvec size: 1 
Process read: read locally. 
localvec has no variable. randomly select from rf_set. 
rf_set size is: 2. 

 current action type is  atomic write  . on thread 3, sequence number is : 15 , mo_type is : relaxed. 

 Process write action. Updates local vec in thread 3 - The size of localvec is 1.[location: 00000000004051F8,  seq_num: 9. value: 1]	
calling the get_next_thread. 

 current action type is  atomic read   . on thread 3, sequence number is : 16 , mo_type is : relaxed. 
Current instr. nums: 4. 
Change Priority Points:  [0]: 5  
 no external read job. - read local 
search on 4 threads. current is the 0th thread.
search on 4 threads. current is the 1th thread.
add 1 reads, meet the search bound. 
search on 4 threads. current is the 2th thread.
add 1 reads, meet the search bound. 
search on 4 threads. current is the 3th thread.
build_may_read_from, current history is: 1, rf_set size is : 2 
current read action location: 4215284, threadid : 3 
In process read: current localvec size is 1.
The size of localvec is 1.[location: 00000000004051F8,  seq_num: 9. value: 1]	
thread localvec size: 1 
Process read: read locally. 
localvec has no variable. randomly select from rf_set. 
rf_set size is: 2. 
current read action location: 4215284, threadid : 3 
In process read: current localvec size is 1.
The size of localvec is 1.[location: 00000000004051F8,  seq_num: 9. value: 1]	
thread localvec size: 1 
Process read: read locally. 
localvec has no variable. randomly select from rf_set. 
rf_set size is: 1. 

 current action type is  atomic write  . on thread 3, sequence number is : 17 , mo_type is : relaxed. 

 Process write action. Updates local vec in thread 3 - The size of localvec is 1.[location: 00000000004051F8,  seq_num: 9. value: 1]	
calling the get_next_thread. 

 current action type is  atomic read   . on thread 3, sequence number is : 18 , mo_type is : relaxed. 
Current instr. nums: 5. 
Change Priority Points:  [0]: 5  
reach the 0 change point. Change priority of thread 3. 
high priority vector: [0] : 3[1] : 2[2] : 1
Low priority threads:  [0]: 0  
high priority vector: [0] : -1[1] : 2[2] : 1
Low priority threads:  [0]: 3  
change point. current 2 avail threads.thread: 2, thread: 3, 
currently highest prio thread - thread 2. 
external_readnum job each thread: thread : 0 does not need read externally. thread : 1 does not need read externally. thread : 2 does not need read externally. thread : 3 need read externally. 
Change Priority Points:  [0]: 5  
now we are at the 0 change point. 
now we reselect the highest prio thread. 
now change point: select the new highest thread.current 2 avail threads.thread: 2, thread: 3, 
return the highest thread: 2 

 current action type is  atomic read   . on thread 2, sequence number is : 19 , mo_type is : relaxed. 
Current instr. nums: 6. 
Change Priority Points:  [0]: 5  
 no external read job. - read local 
search on 4 threads. current is the 0th thread.
search on 4 threads. current is the 1th thread.
add 1 reads, meet the search bound. 
search on 4 threads. current is the 2th thread.
search on 4 threads. current is the 3th thread.
add 1 reads, meet the search bound. 
build_may_read_from, current history is: 1, rf_set size is : 2 
current read action location: 4215288, threadid : 2 
In process read: current localvec size is 1.
The size of localvec is 1.[location: 00000000004051F4,  seq_num: 8. value: 1]	
thread localvec size: 1 
Process read: read locally. 
localvec has no variable. randomly select from rf_set. 
rf_set size is: 2. 

 current action type is  atomic write  . on thread 2, sequence number is : 20 , mo_type is : relaxed. 

 Process write action. Updates local vec in thread 2 - The size of localvec is 1.[location: 00000000004051F4,  seq_num: 8. value: 1]	
calling the get_next_thread. 

 current action type is  atomic read   . on thread 2, sequence number is : 21 , mo_type is : relaxed. 
Current instr. nums: 7. 
Change Priority Points:  [0]: 5  
 no external read job. - read local 
search on 4 threads. current is the 0th thread.
search on 4 threads. current is the 1th thread.
add 1 reads, meet the search bound. 
search on 4 threads. current is the 2th thread.
search on 4 threads. current is the 3th thread.
add 1 reads, meet the search bound. 
build_may_read_from, current history is: 1, rf_set size is : 2 
current read action location: 4215288, threadid : 2 
In process read: current localvec size is 1.
The size of localvec is 1.[location: 00000000004051F4,  seq_num: 8. value: 1]	
thread localvec size: 1 
Process read: read locally. 
localvec has no variable. randomly select from rf_set. 
rf_set size is: 2. 

 current action type is  atomic write  . on thread 2, sequence number is : 22 , mo_type is : relaxed. 

 Process write action. Updates local vec in thread 2 - The size of localvec is 1.[location: 00000000004051F4,  seq_num: 8. value: 1]	
calling the get_next_thread. 

 current action type is  atomic read   . on thread 2, sequence number is : 23 , mo_type is : relaxed. 
Current instr. nums: 8. 
Change Priority Points:  [0]: 5  
 no external read job. - read local 
search on 4 threads. current is the 0th thread.
search on 4 threads. current is the 1th thread.
add 1 reads, meet the search bound. 
search on 4 threads. current is the 2th thread.
search on 4 threads. current is the 3th thread.
add 1 reads, meet the search bound. 
build_may_read_from, current history is: 1, rf_set size is : 2 
current read action location: 4215288, threadid : 2 
In process read: current localvec size is 1.
The size of localvec is 1.[location: 00000000004051F4,  seq_num: 8. value: 1]	
thread localvec size: 1 
Process read: read locally. 
localvec has no variable. randomly select from rf_set. 
rf_set size is: 2. 
current read action location: 4215288, threadid : 2 
In process read: current localvec size is 1.
The size of localvec is 1.[location: 00000000004051F4,  seq_num: 8. value: 1]	
thread localvec size: 1 
Process read: read locally. 
localvec has no variable. randomly select from rf_set. 
rf_set size is: 1. 

 current action type is  atomic write  . on thread 2, sequence number is : 24 , mo_type is : relaxed. 

 Process write action. Updates local vec in thread 2 - The size of localvec is 1.[location: 00000000004051F4,  seq_num: 8. value: 1]	
calling the get_next_thread. 

 current action type is  atomic read   . on thread 2, sequence number is : 25 , mo_type is : relaxed. 
Current instr. nums: 9. 
Change Priority Points:  [0]: 5  
 no external read job. - read local 
search on 4 threads. current is the 0th thread.
search on 4 threads. current is the 1th thread.
add 1 reads, meet the search bound. 
search on 4 threads. current is the 2th thread.
search on 4 threads. current is the 3th thread.
add 1 reads, meet the search bound. 
build_may_read_from, current history is: 1, rf_set size is : 2 
current read action location: 4215288, threadid : 2 
In process read: current localvec size is 1.
The size of localvec is 1.[location: 00000000004051F4,  seq_num: 8. value: 1]	
thread localvec size: 1 
Process read: read locally. 
localvec has no variable. randomly select from rf_set. 
rf_set size is: 2. 

 current action type is  atomic write  . on thread 2, sequence number is : 26 , mo_type is : relaxed. 

 Process write action. Updates local vec in thread 2 - The size of localvec is 1.[location: 00000000004051F4,  seq_num: 8. value: 1]	
calling the get_next_thread. 

 current action type is  atomic read   . on thread 2, sequence number is : 27 , mo_type is : relaxed. 
Current instr. nums: 10. 
Change Priority Points:  [0]: 5  
 no external read job. - read local 
search on 4 threads. current is the 0th thread.
search on 4 threads. current is the 1th thread.
add 1 reads, meet the search bound. 
search on 4 threads. current is the 2th thread.
search on 4 threads. current is the 3th thread.
add 1 reads, meet the search bound. 
build_may_read_from, current history is: 1, rf_set size is : 2 
current read action location: 4215288, threadid : 2 
In process read: current localvec size is 1.
The size of localvec is 1.[location: 00000000004051F4,  seq_num: 8. value: 1]	
thread localvec size: 1 
Process read: read locally. 
localvec has no variable. randomly select from rf_set. 
rf_set size is: 2. 

 current action type is  atomic write  . on thread 2, sequence number is : 28 , mo_type is : relaxed. 

 Process write action. Updates local vec in thread 2 - The size of localvec is 1.[location: 00000000004051F4,  seq_num: 8. value: 1]	
calling the get_next_thread. 

 current action type is  atomic read   . on thread 2, sequence number is : 29 , mo_type is : relaxed. 
Current instr. nums: 11. 
Change Priority Points:  [0]: 5  
 no external read job. - read local 
search on 4 threads. current is the 0th thread.
search on 4 threads. current is the 1th thread.
add 1 reads, meet the search bound. 
search on 4 threads. current is the 2th thread.
search on 4 threads. current is the 3th thread.
add 1 reads, meet the search bound. 
build_may_read_from, current history is: 1, rf_set size is : 2 
current read action location: 4215288, threadid : 2 
In process read: current localvec size is 1.
The size of localvec is 1.[location: 00000000004051F4,  seq_num: 8. value: 1]	
thread localvec size: 1 
Process read: read locally. 
localvec has no variable. randomly select from rf_set. 
rf_set size is: 2. 
current read action location: 4215288, threadid : 2 
In process read: current localvec size is 1.
The size of localvec is 1.[location: 00000000004051F4,  seq_num: 8. value: 1]	
thread localvec size: 1 
Process read: read locally. 
localvec has no variable. randomly select from rf_set. 
rf_set size is: 1. 

 current action type is  atomic write  . on thread 2, sequence number is : 30 , mo_type is : relaxed. 

 Process write action. Updates local vec in thread 2 - The size of localvec is 1.[location: 00000000004051F4,  seq_num: 8. value: 1]	
calling the get_next_thread. 

 current action type is  atomic read   . on thread 2, sequence number is : 31 , mo_type is : relaxed. 
Current instr. nums: 12. 
Change Priority Points:  [0]: 5  
 no external read job. - read local 
search on 4 threads. current is the 0th thread.
search on 4 threads. current is the 1th thread.
add 1 reads, meet the search bound. 
search on 4 threads. current is the 2th thread.
search on 4 threads. current is the 3th thread.
add 1 reads, meet the search bound. 
build_may_read_from, current history is: 1, rf_set size is : 2 
current read action location: 4215288, threadid : 2 
In process read: current localvec size is 1.
The size of localvec is 1.[location: 00000000004051F4,  seq_num: 8. value: 1]	
thread localvec size: 1 
Process read: read locally. 
localvec has no variable. randomly select from rf_set. 
rf_set size is: 2. 

 current action type is  thread finish . on thread 2, sequence number is : 32 , mo_type is : seq_cst. 
calling the get_next_thread. 

 current action type is  pthread join  . on thread 1, sequence number is : 33 , mo_type is : seq_cst. 
calling the get_next_thread. 

 current action type is  atomic read   . on thread 3, sequence number is : 34 , mo_type is : relaxed. 
Current instr. nums: 13. 
Change Priority Points:  [0]: 5  
we meet a pending read again have read external job. - read external
search on 4 threads. current is the 0th thread.
search on 4 threads. current is the 1th thread.
add 1 reads, meet the search bound. 
search on 4 threads. current is the 2th thread.
add 1 reads, meet the search bound. 
search on 4 threads. current is the 3th thread.
build_may_read_from, current history is: 1, rf_set size is : 2 
current read action location: 4215284, threadid : 3 
In process read: current localvec size is 1.
The size of localvec is 1.[location: 00000000004051F8,  seq_num: 9. value: 1]	
Process read: read externally. 
current read action location: 4215284, threadid : 3 
In process read: current localvec size is 2.
The size of localvec is 2.[location: 00000000004051F8,  seq_num: 9. value: 1]	[location: 00000000004051F4,  seq_num: 2. value: 0]	
Process read: read externally. 
external_readnum job each thread: thread : 0 does not need read externally. thread : 1 does not need read externally. thread : 2 does not need read externally. thread : 3 does not need read externally. 

 current action type is  atomic write  . on thread 3, sequence number is : 35 , mo_type is : relaxed. 

 Process write action. Updates local vec in thread 3 - The size of localvec is 2.[location: 00000000004051F8,  seq_num: 9. value: 1]	[location: 00000000004051F4,  seq_num: 2. value: 0]	
calling the get_next_thread. 

 current action type is  atomic read   . on thread 3, sequence number is : 36 , mo_type is : relaxed. 
Current instr. nums: 14. 
Change Priority Points:  [0]: 5  
 no external read job. - read local 
search on 4 threads. current is the 0th thread.
search on 4 threads. current is the 1th thread.
add 1 reads, meet the search bound. 
search on 4 threads. current is the 2th thread.
add 1 reads, meet the search bound. 
search on 4 threads. current is the 3th thread.
build_may_read_from, current history is: 1, rf_set size is : 2 
current read action location: 4215284, threadid : 3 
In process read: current localvec size is 2.
The size of localvec is 2.[location: 00000000004051F8,  seq_num: 9. value: 1]	[location: 00000000004051F4,  seq_num: 2. value: 0]	
thread localvec size: 2 
Process read: read locally. 
local vec has such write, seqnum:2 
localvec has such variable 
current read action location: 4215284, threadid : 3 
In process read: current localvec size is 2.
The size of localvec is 2.[location: 00000000004051F8,  seq_num: 9. value: 1]	[location: 00000000004051F4,  seq_num: 2. value: 0]	
thread localvec size: 2 
Process read: read locally. 
local vec has such write, seqnum:2 
localvec has one variable. but not in the rf_set 
rf_set size is: 1. 

 current action type is  atomic write  . on thread 3, sequence number is : 37 , mo_type is : relaxed. 

 Process write action. Updates local vec in thread 3 - The size of localvec is 2.[location: 00000000004051F8,  seq_num: 9. value: 1]	[location: 00000000004051F4,  seq_num: 2. value: 0]	
calling the get_next_thread. 

 current action type is  atomic read   . on thread 3, sequence number is : 38 , mo_type is : relaxed. 
Current instr. nums: 15. 
Change Priority Points:  [0]: 5  
 no external read job. - read local 
search on 4 threads. current is the 0th thread.
search on 4 threads. current is the 1th thread.
add 1 reads, meet the search bound. 
search on 4 threads. current is the 2th thread.
add 1 reads, meet the search bound. 
search on 4 threads. current is the 3th thread.
build_may_read_from, current history is: 1, rf_set size is : 2 
current read action location: 4215284, threadid : 3 
In process read: current localvec size is 2.
The size of localvec is 2.[location: 00000000004051F8,  seq_num: 9. value: 1]	[location: 00000000004051F4,  seq_num: 2. value: 0]	
thread localvec size: 2 
Process read: read locally. 
local vec has such write, seqnum:2 
localvec has such variable 
current read action location: 4215284, threadid : 3 
In process read: current localvec size is 2.
The size of localvec is 2.[location: 00000000004051F8,  seq_num: 9. value: 1]	[location: 00000000004051F4,  seq_num: 2. value: 0]	
thread localvec size: 2 
Process read: read locally. 
local vec has such write, seqnum:2 
localvec has one variable. but not in the rf_set 
rf_set size is: 1. 

 current action type is  thread finish . on thread 3, sequence number is : 39 , mo_type is : seq_cst. 
calling the get_next_thread. 

 current action type is  pthread join  . on thread 1, sequence number is : 40 , mo_type is : seq_cst. 

 current action type is  thread finish . on thread 1, sequence number is : 41 , mo_type is : seq_cst. 
******* Model-checking complete: *******
Number of complete, bug-free executions: 1
Number of buggy executions: 0
Total executions: 1


--- Run #11 ---
C11Tester
Copyright (c) 2013 and 2019 Regents of the University of California. All rights reserved.
Distributed under the GPLv2
Written by Weiyu Luo, Brian Norris, and Brian Demsky

Print current params: 
-v[NUM], --verbose[=NUM]   Default: 0 Now: 0
-x, --maxexec=NUM           Maximum number of executions. Default: 10 Now: 1
-m, --minsize=NUM           Minimum number of actions to keep Default: 0 Now: 0
-f, --freqfree=NUM          Frequency to free actions Default:500000 Now: 500000
-l, --maxscheduler=NUM		 Scheduler length limitation Default:50 Now: 20
-b, --bugdepth=NUM			 bugdepth Default:5 Now: 1
-p, --version=NUM			 c11testerversion Default:0 Now: 1
-i, --maxinstr=NUM			 read num bounds: Default:30 Now: 43
-y, --history=NUM			 rf_set searcg bounds: Default:20 Now: 1
The limit of read nums is 215. 
using pct version now. 
Change Priority Points:  [0]: 5  

 current action type is  thread start  . on thread 1, sequence number is : 1 , mo_type is : seq_cst. 

 current action type is  atomic write  . on thread 1, sequence number is : 2 , mo_type is : relaxed. 

 Process write action. Updates local vec in thread 1 - The size of localvec is 1.[location: 00000000004051F4,  seq_num: 2. value: 0]	

 current action type is  atomic write  . on thread 1, sequence number is : 3 , mo_type is : relaxed. 

 Process write action. Updates local vec in thread 1 - The size of localvec is 2.[location: 00000000004051F4,  seq_num: 2. value: 0]	[location: 00000000004051F8,  seq_num: 3. value: 0]	

 current action type is  pthread create. on thread 1, sequence number is : 4 , mo_type is : seq_cst. 

 current action type is  thread start  . on thread 2, sequence number is : 5 , mo_type is : seq_cst. 

 current action type is  pthread create. on thread 1, sequence number is : 6 , mo_type is : seq_cst. 

 current action type is  thread start  . on thread 3, sequence number is : 7 , mo_type is : seq_cst. 

 current action type is  atomic write  . on thread 2, sequence number is : 8 , mo_type is : relaxed. 

 Process write action. Updates local vec in thread 2 - The size of localvec is 1.[location: 00000000004051F4,  seq_num: 8. value: 1]	

 current action type is  atomic write  . on thread 3, sequence number is : 9 , mo_type is : relaxed. 

 Process write action. Updates local vec in thread 3 - The size of localvec is 1.[location: 00000000004051F8,  seq_num: 9. value: 1]	
calling the get_next_thread. 

 current action type is  atomic read   . on thread 3, sequence number is : 10 , mo_type is : relaxed. 
Current instr. nums: 1. 
Change Priority Points:  [0]: 5  
 no external read job. - read local 
search on 4 threads. current is the 0th thread.
search on 4 threads. current is the 1th thread.
add 1 reads, meet the search bound. 
search on 4 threads. current is the 2th thread.
add 1 reads, meet the search bound. 
search on 4 threads. current is the 3th thread.
build_may_read_from, current history is: 1, rf_set size is : 2 
current read action location: 4215284, threadid : 3 
In process read: current localvec size is 1.
The size of localvec is 1.[location: 00000000004051F8,  seq_num: 9. value: 1]	
thread localvec size: 1 
Process read: read locally. 
localvec has no variable. randomly select from rf_set. 
rf_set size is: 2. 

 current action type is  atomic write  . on thread 3, sequence number is : 11 , mo_type is : relaxed. 

 Process write action. Updates local vec in thread 3 - The size of localvec is 1.[location: 00000000004051F8,  seq_num: 9. value: 1]	
calling the get_next_thread. 

 current action type is  atomic read   . on thread 3, sequence number is : 12 , mo_type is : relaxed. 
Current instr. nums: 2. 
Change Priority Points:  [0]: 5  
 no external read job. - read local 
search on 4 threads. current is the 0th thread.
search on 4 threads. current is the 1th thread.
add 1 reads, meet the search bound. 
search on 4 threads. current is the 2th thread.
add 1 reads, meet the search bound. 
search on 4 threads. current is the 3th thread.
build_may_read_from, current history is: 1, rf_set size is : 2 
current read action location: 4215284, threadid : 3 
In process read: current localvec size is 1.
The size of localvec is 1.[location: 00000000004051F8,  seq_num: 9. value: 1]	
thread localvec size: 1 
Process read: read locally. 
localvec has no variable. randomly select from rf_set. 
rf_set size is: 2. 

 current action type is  atomic write  . on thread 3, sequence number is : 13 , mo_type is : relaxed. 

 Process write action. Updates local vec in thread 3 - The size of localvec is 1.[location: 00000000004051F8,  seq_num: 9. value: 1]	
calling the get_next_thread. 

 current action type is  atomic read   . on thread 3, sequence number is : 14 , mo_type is : relaxed. 
Current instr. nums: 3. 
Change Priority Points:  [0]: 5  
 no external read job. - read local 
search on 4 threads. current is the 0th thread.
search on 4 threads. current is the 1th thread.
add 1 reads, meet the search bound. 
search on 4 threads. current is the 2th thread.
add 1 reads, meet the search bound. 
search on 4 threads. current is the 3th thread.
build_may_read_from, current history is: 1, rf_set size is : 2 
current read action location: 4215284, threadid : 3 
In process read: current localvec size is 1.
The size of localvec is 1.[location: 00000000004051F8,  seq_num: 9. value: 1]	
thread localvec size: 1 
Process read: read locally. 
localvec has no variable. randomly select from rf_set. 
rf_set size is: 2. 

 current action type is  atomic write  . on thread 3, sequence number is : 15 , mo_type is : relaxed. 

 Process write action. Updates local vec in thread 3 - The size of localvec is 1.[location: 00000000004051F8,  seq_num: 9. value: 1]	
calling the get_next_thread. 

 current action type is  atomic read   . on thread 3, sequence number is : 16 , mo_type is : relaxed. 
Current instr. nums: 4. 
Change Priority Points:  [0]: 5  
 no external read job. - read local 
search on 4 threads. current is the 0th thread.
search on 4 threads. current is the 1th thread.
add 1 reads, meet the search bound. 
search on 4 threads. current is the 2th thread.
add 1 reads, meet the search bound. 
search on 4 threads. current is the 3th thread.
build_may_read_from, current history is: 1, rf_set size is : 2 
current read action location: 4215284, threadid : 3 
In process read: current localvec size is 1.
The size of localvec is 1.[location: 00000000004051F8,  seq_num: 9. value: 1]	
thread localvec size: 1 
Process read: read locally. 
localvec has no variable. randomly select from rf_set. 
rf_set size is: 2. 

 current action type is  atomic write  . on thread 3, sequence number is : 17 , mo_type is : relaxed. 

 Process write action. Updates local vec in thread 3 - The size of localvec is 1.[location: 00000000004051F8,  seq_num: 9. value: 1]	
calling the get_next_thread. 

 current action type is  atomic read   . on thread 3, sequence number is : 18 , mo_type is : relaxed. 
Current instr. nums: 5. 
Change Priority Points:  [0]: 5  
reach the 0 change point. Change priority of thread 3. 
high priority vector: [0] : 3[1] : 2[2] : 1
Low priority threads:  [0]: 0  
high priority vector: [0] : -1[1] : 2[2] : 1
Low priority threads:  [0]: 3  
change point. current 2 avail threads.thread: 2, thread: 3, 
currently highest prio thread - thread 2. 
external_readnum job each thread: thread : 0 does not need read externally. thread : 1 does not need read externally. thread : 2 does not need read externally. thread : 3 need read externally. 
Change Priority Points:  [0]: 5  
now we are at the 0 change point. 
now we reselect the highest prio thread. 
now change point: select the new highest thread.current 2 avail threads.thread: 2, thread: 3, 
return the highest thread: 2 

 current action type is  atomic read   . on thread 2, sequence number is : 19 , mo_type is : relaxed. 
Current instr. nums: 6. 
Change Priority Points:  [0]: 5  
 no external read job. - read local 
search on 4 threads. current is the 0th thread.
search on 4 threads. current is the 1th thread.
add 1 reads, meet the search bound. 
search on 4 threads. current is the 2th thread.
search on 4 threads. current is the 3th thread.
add 1 reads, meet the search bound. 
build_may_read_from, current history is: 1, rf_set size is : 2 
current read action location: 4215288, threadid : 2 
In process read: current localvec size is 1.
The size of localvec is 1.[location: 00000000004051F4,  seq_num: 8. value: 1]	
thread localvec size: 1 
Process read: read locally. 
localvec has no variable. randomly select from rf_set. 
rf_set size is: 2. 

 current action type is  atomic write  . on thread 2, sequence number is : 20 , mo_type is : relaxed. 

 Process write action. Updates local vec in thread 2 - The size of localvec is 1.[location: 00000000004051F4,  seq_num: 8. value: 1]	
calling the get_next_thread. 

 current action type is  atomic read   . on thread 2, sequence number is : 21 , mo_type is : relaxed. 
Current instr. nums: 7. 
Change Priority Points:  [0]: 5  
 no external read job. - read local 
search on 4 threads. current is the 0th thread.
search on 4 threads. current is the 1th thread.
add 1 reads, meet the search bound. 
search on 4 threads. current is the 2th thread.
search on 4 threads. current is the 3th thread.
add 1 reads, meet the search bound. 
build_may_read_from, current history is: 1, rf_set size is : 2 
current read action location: 4215288, threadid : 2 
In process read: current localvec size is 1.
The size of localvec is 1.[location: 00000000004051F4,  seq_num: 8. value: 1]	
thread localvec size: 1 
Process read: read locally. 
localvec has no variable. randomly select from rf_set. 
rf_set size is: 2. 

 current action type is  atomic write  . on thread 2, sequence number is : 22 , mo_type is : relaxed. 

 Process write action. Updates local vec in thread 2 - The size of localvec is 1.[location: 00000000004051F4,  seq_num: 8. value: 1]	
calling the get_next_thread. 

 current action type is  atomic read   . on thread 2, sequence number is : 23 , mo_type is : relaxed. 
Current instr. nums: 8. 
Change Priority Points:  [0]: 5  
 no external read job. - read local 
search on 4 threads. current is the 0th thread.
search on 4 threads. current is the 1th thread.
add 1 reads, meet the search bound. 
search on 4 threads. current is the 2th thread.
search on 4 threads. current is the 3th thread.
add 1 reads, meet the search bound. 
build_may_read_from, current history is: 1, rf_set size is : 2 
current read action location: 4215288, threadid : 2 
In process read: current localvec size is 1.
The size of localvec is 1.[location: 00000000004051F4,  seq_num: 8. value: 1]	
thread localvec size: 1 
Process read: read locally. 
localvec has no variable. randomly select from rf_set. 
rf_set size is: 2. 
current read action location: 4215288, threadid : 2 
In process read: current localvec size is 1.
The size of localvec is 1.[location: 00000000004051F4,  seq_num: 8. value: 1]	
thread localvec size: 1 
Process read: read locally. 
localvec has no variable. randomly select from rf_set. 
rf_set size is: 1. 

 current action type is  atomic write  . on thread 2, sequence number is : 24 , mo_type is : relaxed. 

 Process write action. Updates local vec in thread 2 - The size of localvec is 1.[location: 00000000004051F4,  seq_num: 8. value: 1]	
calling the get_next_thread. 

 current action type is  atomic read   . on thread 2, sequence number is : 25 , mo_type is : relaxed. 
Current instr. nums: 9. 
Change Priority Points:  [0]: 5  
 no external read job. - read local 
search on 4 threads. current is the 0th thread.
search on 4 threads. current is the 1th thread.
add 1 reads, meet the search bound. 
search on 4 threads. current is the 2th thread.
search on 4 threads. current is the 3th thread.
add 1 reads, meet the search bound. 
build_may_read_from, current history is: 1, rf_set size is : 2 
current read action location: 4215288, threadid : 2 
In process read: current localvec size is 1.
The size of localvec is 1.[location: 00000000004051F4,  seq_num: 8. value: 1]	
thread localvec size: 1 
Process read: read locally. 
localvec has no variable. randomly select from rf_set. 
rf_set size is: 2. 
current read action location: 4215288, threadid : 2 
In process read: current localvec size is 1.
The size of localvec is 1.[location: 00000000004051F4,  seq_num: 8. value: 1]	
thread localvec size: 1 
Process read: read locally. 
localvec has no variable. randomly select from rf_set. 
rf_set size is: 1. 

 current action type is  atomic write  . on thread 2, sequence number is : 26 , mo_type is : relaxed. 

 Process write action. Updates local vec in thread 2 - The size of localvec is 1.[location: 00000000004051F4,  seq_num: 8. value: 1]	
calling the get_next_thread. 

 current action type is  atomic read   . on thread 2, sequence number is : 27 , mo_type is : relaxed. 
Current instr. nums: 10. 
Change Priority Points:  [0]: 5  
 no external read job. - read local 
search on 4 threads. current is the 0th thread.
search on 4 threads. current is the 1th thread.
add 1 reads, meet the search bound. 
search on 4 threads. current is the 2th thread.
search on 4 threads. current is the 3th thread.
add 1 reads, meet the search bound. 
build_may_read_from, current history is: 1, rf_set size is : 2 
current read action location: 4215288, threadid : 2 
In process read: current localvec size is 1.
The size of localvec is 1.[location: 00000000004051F4,  seq_num: 8. value: 1]	
thread localvec size: 1 
Process read: read locally. 
localvec has no variable. randomly select from rf_set. 
rf_set size is: 2. 
current read action location: 4215288, threadid : 2 
In process read: current localvec size is 1.
The size of localvec is 1.[location: 00000000004051F4,  seq_num: 8. value: 1]	
thread localvec size: 1 
Process read: read locally. 
localvec has no variable. randomly select from rf_set. 
rf_set size is: 1. 

 current action type is  atomic write  . on thread 2, sequence number is : 28 , mo_type is : relaxed. 

 Process write action. Updates local vec in thread 2 - The size of localvec is 1.[location: 00000000004051F4,  seq_num: 8. value: 1]	
calling the get_next_thread. 

 current action type is  atomic read   . on thread 2, sequence number is : 29 , mo_type is : relaxed. 
Current instr. nums: 11. 
Change Priority Points:  [0]: 5  
 no external read job. - read local 
search on 4 threads. current is the 0th thread.
search on 4 threads. current is the 1th thread.
add 1 reads, meet the search bound. 
search on 4 threads. current is the 2th thread.
search on 4 threads. current is the 3th thread.
add 1 reads, meet the search bound. 
build_may_read_from, current history is: 1, rf_set size is : 2 
current read action location: 4215288, threadid : 2 
In process read: current localvec size is 1.
The size of localvec is 1.[location: 00000000004051F4,  seq_num: 8. value: 1]	
thread localvec size: 1 
Process read: read locally. 
localvec has no variable. randomly select from rf_set. 
rf_set size is: 2. 
current read action location: 4215288, threadid : 2 
In process read: current localvec size is 1.
The size of localvec is 1.[location: 00000000004051F4,  seq_num: 8. value: 1]	
thread localvec size: 1 
Process read: read locally. 
localvec has no variable. randomly select from rf_set. 
rf_set size is: 1. 

 current action type is  atomic write  . on thread 2, sequence number is : 30 , mo_type is : relaxed. 

 Process write action. Updates local vec in thread 2 - The size of localvec is 1.[location: 00000000004051F4,  seq_num: 8. value: 1]	
calling the get_next_thread. 

 current action type is  atomic read   . on thread 2, sequence number is : 31 , mo_type is : relaxed. 
Current instr. nums: 12. 
Change Priority Points:  [0]: 5  
 no external read job. - read local 
search on 4 threads. current is the 0th thread.
search on 4 threads. current is the 1th thread.
add 1 reads, meet the search bound. 
search on 4 threads. current is the 2th thread.
search on 4 threads. current is the 3th thread.
add 1 reads, meet the search bound. 
build_may_read_from, current history is: 1, rf_set size is : 2 
current read action location: 4215288, threadid : 2 
In process read: current localvec size is 1.
The size of localvec is 1.[location: 00000000004051F4,  seq_num: 8. value: 1]	
thread localvec size: 1 
Process read: read locally. 
localvec has no variable. randomly select from rf_set. 
rf_set size is: 2. 

 current action type is  thread finish . on thread 2, sequence number is : 32 , mo_type is : seq_cst. 
calling the get_next_thread. 

 current action type is  pthread join  . on thread 1, sequence number is : 33 , mo_type is : seq_cst. 
calling the get_next_thread. 

 current action type is  atomic read   . on thread 3, sequence number is : 34 , mo_type is : relaxed. 
Current instr. nums: 13. 
Change Priority Points:  [0]: 5  
we meet a pending read again have read external job. - read external
search on 4 threads. current is the 0th thread.
search on 4 threads. current is the 1th thread.
add 1 reads, meet the search bound. 
search on 4 threads. current is the 2th thread.
add 1 reads, meet the search bound. 
search on 4 threads. current is the 3th thread.
build_may_read_from, current history is: 1, rf_set size is : 2 
current read action location: 4215284, threadid : 3 
In process read: current localvec size is 1.
The size of localvec is 1.[location: 00000000004051F8,  seq_num: 9. value: 1]	
Process read: read externally. 
external_readnum job each thread: thread : 0 does not need read externally. thread : 1 does not need read externally. thread : 2 does not need read externally. thread : 3 does not need read externally. 

 current action type is  atomic write  . on thread 3, sequence number is : 35 , mo_type is : relaxed. 

 Process write action. Updates local vec in thread 3 - The size of localvec is 2.[location: 00000000004051F8,  seq_num: 9. value: 1]	[location: 00000000004051F4,  seq_num: 30. value: 1]	
calling the get_next_thread. 

 current action type is  atomic read   . on thread 3, sequence number is : 36 , mo_type is : relaxed. 
Current instr. nums: 14. 
Change Priority Points:  [0]: 5  
 no external read job. - read local 
search on 4 threads. current is the 0th thread.
search on 4 threads. current is the 1th thread.
add 1 reads, meet the search bound. 
search on 4 threads. current is the 2th thread.
add 1 reads, meet the search bound. 
search on 4 threads. current is the 3th thread.
build_may_read_from, current history is: 1, rf_set size is : 2 
current read action location: 4215284, threadid : 3 
In process read: current localvec size is 2.
The size of localvec is 2.[location: 00000000004051F8,  seq_num: 9. value: 1]	[location: 00000000004051F4,  seq_num: 30. value: 1]	
thread localvec size: 2 
Process read: read locally. 
local vec has such write, seqnum:30 
localvec has such variable 

 current action type is  atomic write  . on thread 3, sequence number is : 37 , mo_type is : relaxed. 

 Process write action. Updates local vec in thread 3 - The size of localvec is 2.[location: 00000000004051F8,  seq_num: 9. value: 1]	[location: 00000000004051F4,  seq_num: 30. value: 1]	
calling the get_next_thread. 

 current action type is  atomic read   . on thread 3, sequence number is : 38 , mo_type is : relaxed. 
Current instr. nums: 15. 
Change Priority Points:  [0]: 5  
 no external read job. - read local 
search on 4 threads. current is the 0th thread.
search on 4 threads. current is the 1th thread.
add 1 reads, meet the search bound. 
search on 4 threads. current is the 2th thread.
add 1 reads, meet the search bound. 
search on 4 threads. current is the 3th thread.
build_may_read_from, current history is: 1, rf_set size is : 2 
current read action location: 4215284, threadid : 3 
In process read: current localvec size is 2.
The size of localvec is 2.[location: 00000000004051F8,  seq_num: 9. value: 1]	[location: 00000000004051F4,  seq_num: 30. value: 1]	
thread localvec size: 2 
Process read: read locally. 
local vec has such write, seqnum:30 
localvec has such variable 

 current action type is  thread finish . on thread 3, sequence number is : 39 , mo_type is : seq_cst. 
calling the get_next_thread. 

 current action type is  pthread join  . on thread 1, sequence number is : 40 , mo_type is : seq_cst. 

 current action type is  thread finish . on thread 1, sequence number is : 41 , mo_type is : seq_cst. 
******* Model-checking complete: *******
Number of complete, bug-free executions: 1
Number of buggy executions: 0
Total executions: 1


--- Run #12 ---
C11Tester
Copyright (c) 2013 and 2019 Regents of the University of California. All rights reserved.
Distributed under the GPLv2
Written by Weiyu Luo, Brian Norris, and Brian Demsky

Print current params: 
-v[NUM], --verbose[=NUM]   Default: 0 Now: 0
-x, --maxexec=NUM           Maximum number of executions. Default: 10 Now: 1
-m, --minsize=NUM           Minimum number of actions to keep Default: 0 Now: 0
-f, --freqfree=NUM          Frequency to free actions Default:500000 Now: 500000
-l, --maxscheduler=NUM		 Scheduler length limitation Default:50 Now: 20
-b, --bugdepth=NUM			 bugdepth Default:5 Now: 1
-p, --version=NUM			 c11testerversion Default:0 Now: 1
-i, --maxinstr=NUM			 read num bounds: Default:30 Now: 43
-y, --history=NUM			 rf_set searcg bounds: Default:20 Now: 1
The limit of read nums is 215. 
using pct version now. 
Change Priority Points:  [0]: 5  

 current action type is  thread start  . on thread 1, sequence number is : 1 , mo_type is : seq_cst. 

 current action type is  atomic write  . on thread 1, sequence number is : 2 , mo_type is : relaxed. 

 Process write action. Updates local vec in thread 1 - The size of localvec is 1.[location: 00000000004051F4,  seq_num: 2. value: 0]	

 current action type is  atomic write  . on thread 1, sequence number is : 3 , mo_type is : relaxed. 

 Process write action. Updates local vec in thread 1 - The size of localvec is 2.[location: 00000000004051F4,  seq_num: 2. value: 0]	[location: 00000000004051F8,  seq_num: 3. value: 0]	

 current action type is  pthread create. on thread 1, sequence number is : 4 , mo_type is : seq_cst. 

 current action type is  thread start  . on thread 2, sequence number is : 5 , mo_type is : seq_cst. 

 current action type is  pthread create. on thread 1, sequence number is : 6 , mo_type is : seq_cst. 

 current action type is  thread start  . on thread 3, sequence number is : 7 , mo_type is : seq_cst. 

 current action type is  atomic write  . on thread 2, sequence number is : 8 , mo_type is : relaxed. 

 Process write action. Updates local vec in thread 2 - The size of localvec is 1.[location: 00000000004051F4,  seq_num: 8. value: 1]	

 current action type is  atomic write  . on thread 3, sequence number is : 9 , mo_type is : relaxed. 

 Process write action. Updates local vec in thread 3 - The size of localvec is 1.[location: 00000000004051F8,  seq_num: 9. value: 1]	
calling the get_next_thread. 

 current action type is  atomic read   . on thread 3, sequence number is : 10 , mo_type is : relaxed. 
Current instr. nums: 1. 
Change Priority Points:  [0]: 5  
 no external read job. - read local 
search on 4 threads. current is the 0th thread.
search on 4 threads. current is the 1th thread.
add 1 reads, meet the search bound. 
search on 4 threads. current is the 2th thread.
add 1 reads, meet the search bound. 
search on 4 threads. current is the 3th thread.
build_may_read_from, current history is: 1, rf_set size is : 2 
current read action location: 4215284, threadid : 3 
In process read: current localvec size is 1.
The size of localvec is 1.[location: 00000000004051F8,  seq_num: 9. value: 1]	
thread localvec size: 1 
Process read: read locally. 
localvec has no variable. randomly select from rf_set. 
rf_set size is: 2. 

 current action type is  atomic write  . on thread 3, sequence number is : 11 , mo_type is : relaxed. 

 Process write action. Updates local vec in thread 3 - The size of localvec is 1.[location: 00000000004051F8,  seq_num: 9. value: 1]	
calling the get_next_thread. 

 current action type is  atomic read   . on thread 3, sequence number is : 12 , mo_type is : relaxed. 
Current instr. nums: 2. 
Change Priority Points:  [0]: 5  
 no external read job. - read local 
search on 4 threads. current is the 0th thread.
search on 4 threads. current is the 1th thread.
add 1 reads, meet the search bound. 
search on 4 threads. current is the 2th thread.
add 1 reads, meet the search bound. 
search on 4 threads. current is the 3th thread.
build_may_read_from, current history is: 1, rf_set size is : 2 
current read action location: 4215284, threadid : 3 
In process read: current localvec size is 1.
The size of localvec is 1.[location: 00000000004051F8,  seq_num: 9. value: 1]	
thread localvec size: 1 
Process read: read locally. 
localvec has no variable. randomly select from rf_set. 
rf_set size is: 2. 

 current action type is  atomic write  . on thread 3, sequence number is : 13 , mo_type is : relaxed. 

 Process write action. Updates local vec in thread 3 - The size of localvec is 1.[location: 00000000004051F8,  seq_num: 9. value: 1]	
calling the get_next_thread. 

 current action type is  atomic read   . on thread 3, sequence number is : 14 , mo_type is : relaxed. 
Current instr. nums: 3. 
Change Priority Points:  [0]: 5  
 no external read job. - read local 
search on 4 threads. current is the 0th thread.
search on 4 threads. current is the 1th thread.
add 1 reads, meet the search bound. 
search on 4 threads. current is the 2th thread.
add 1 reads, meet the search bound. 
search on 4 threads. current is the 3th thread.
build_may_read_from, current history is: 1, rf_set size is : 2 
current read action location: 4215284, threadid : 3 
In process read: current localvec size is 1.
The size of localvec is 1.[location: 00000000004051F8,  seq_num: 9. value: 1]	
thread localvec size: 1 
Process read: read locally. 
localvec has no variable. randomly select from rf_set. 
rf_set size is: 2. 

 current action type is  atomic write  . on thread 3, sequence number is : 15 , mo_type is : relaxed. 

 Process write action. Updates local vec in thread 3 - The size of localvec is 1.[location: 00000000004051F8,  seq_num: 9. value: 1]	
calling the get_next_thread. 

 current action type is  atomic read   . on thread 3, sequence number is : 16 , mo_type is : relaxed. 
Current instr. nums: 4. 
Change Priority Points:  [0]: 5  
 no external read job. - read local 
search on 4 threads. current is the 0th thread.
search on 4 threads. current is the 1th thread.
add 1 reads, meet the search bound. 
search on 4 threads. current is the 2th thread.
add 1 reads, meet the search bound. 
search on 4 threads. current is the 3th thread.
build_may_read_from, current history is: 1, rf_set size is : 2 
current read action location: 4215284, threadid : 3 
In process read: current localvec size is 1.
The size of localvec is 1.[location: 00000000004051F8,  seq_num: 9. value: 1]	
thread localvec size: 1 
Process read: read locally. 
localvec has no variable. randomly select from rf_set. 
rf_set size is: 2. 
current read action location: 4215284, threadid : 3 
In process read: current localvec size is 1.
The size of localvec is 1.[location: 00000000004051F8,  seq_num: 9. value: 1]	
thread localvec size: 1 
Process read: read locally. 
localvec has no variable. randomly select from rf_set. 
rf_set size is: 1. 

 current action type is  atomic write  . on thread 3, sequence number is : 17 , mo_type is : relaxed. 

 Process write action. Updates local vec in thread 3 - The size of localvec is 1.[location: 00000000004051F8,  seq_num: 9. value: 1]	
calling the get_next_thread. 

 current action type is  atomic read   . on thread 3, sequence number is : 18 , mo_type is : relaxed. 
Current instr. nums: 5. 
Change Priority Points:  [0]: 5  
reach the 0 change point. Change priority of thread 3. 
high priority vector: [0] : 1[1] : 3[2] : 2
Low priority threads:  [0]: 0  
high priority vector: [0] : 1[1] : -1[2] : 2
Low priority threads:  [0]: 3  
change point. current 2 avail threads.thread: 2, thread: 3, 
currently highest prio thread - thread 2. 
external_readnum job each thread: thread : 0 does not need read externally. thread : 1 does not need read externally. thread : 2 does not need read externally. thread : 3 need read externally. 
Change Priority Points:  [0]: 5  
now we are at the 0 change point. 
now we reselect the highest prio thread. 
now change point: select the new highest thread.current 2 avail threads.thread: 2, thread: 3, 
return the highest thread: 2 

 current action type is  atomic read   . on thread 2, sequence number is : 19 , mo_type is : relaxed. 
Current instr. nums: 6. 
Change Priority Points:  [0]: 5  
 no external read job. - read local 
search on 4 threads. current is the 0th thread.
search on 4 threads. current is the 1th thread.
add 1 reads, meet the search bound. 
search on 4 threads. current is the 2th thread.
search on 4 threads. current is the 3th thread.
add 1 reads, meet the search bound. 
build_may_read_from, current history is: 1, rf_set size is : 2 
current read action location: 4215288, threadid : 2 
In process read: current localvec size is 1.
The size of localvec is 1.[location: 00000000004051F4,  seq_num: 8. value: 1]	
thread localvec size: 1 
Process read: read locally. 
localvec has no variable. randomly select from rf_set. 
rf_set size is: 2. 

 current action type is  atomic write  . on thread 2, sequence number is : 20 , mo_type is : relaxed. 

 Process write action. Updates local vec in thread 2 - The size of localvec is 1.[location: 00000000004051F4,  seq_num: 8. value: 1]	
calling the get_next_thread. 

 current action type is  atomic read   . on thread 2, sequence number is : 21 , mo_type is : relaxed. 
Current instr. nums: 7. 
Change Priority Points:  [0]: 5  
 no external read job. - read local 
search on 4 threads. current is the 0th thread.
search on 4 threads. current is the 1th thread.
add 1 reads, meet the search bound. 
search on 4 threads. current is the 2th thread.
search on 4 threads. current is the 3th thread.
add 1 reads, meet the search bound. 
build_may_read_from, current history is: 1, rf_set size is : 2 
current read action location: 4215288, threadid : 2 
In process read: current localvec size is 1.
The size of localvec is 1.[location: 00000000004051F4,  seq_num: 8. value: 1]	
thread localvec size: 1 
Process read: read locally. 
localvec has no variable. randomly select from rf_set. 
rf_set size is: 2. 
current read action location: 4215288, threadid : 2 
In process read: current localvec size is 1.
The size of localvec is 1.[location: 00000000004051F4,  seq_num: 8. value: 1]	
thread localvec size: 1 
Process read: read locally. 
localvec has no variable. randomly select from rf_set. 
rf_set size is: 1. 

 current action type is  atomic write  . on thread 2, sequence number is : 22 , mo_type is : relaxed. 

 Process write action. Updates local vec in thread 2 - The size of localvec is 1.[location: 00000000004051F4,  seq_num: 8. value: 1]	
calling the get_next_thread. 

 current action type is  atomic read   . on thread 2, sequence number is : 23 , mo_type is : relaxed. 
Current instr. nums: 8. 
Change Priority Points:  [0]: 5  
 no external read job. - read local 
search on 4 threads. current is the 0th thread.
search on 4 threads. current is the 1th thread.
add 1 reads, meet the search bound. 
search on 4 threads. current is the 2th thread.
search on 4 threads. current is the 3th thread.
add 1 reads, meet the search bound. 
build_may_read_from, current history is: 1, rf_set size is : 2 
current read action location: 4215288, threadid : 2 
In process read: current localvec size is 1.
The size of localvec is 1.[location: 00000000004051F4,  seq_num: 8. value: 1]	
thread localvec size: 1 
Process read: read locally. 
localvec has no variable. randomly select from rf_set. 
rf_set size is: 2. 

 current action type is  atomic write  . on thread 2, sequence number is : 24 , mo_type is : relaxed. 

 Process write action. Updates local vec in thread 2 - The size of localvec is 1.[location: 00000000004051F4,  seq_num: 8. value: 1]	
calling the get_next_thread. 

 current action type is  atomic read   . on thread 2, sequence number is : 25 , mo_type is : relaxed. 
Current instr. nums: 9. 
Change Priority Points:  [0]: 5  
 no external read job. - read local 
search on 4 threads. current is the 0th thread.
search on 4 threads. current is the 1th thread.
add 1 reads, meet the search bound. 
search on 4 threads. current is the 2th thread.
search on 4 threads. current is the 3th thread.
add 1 reads, meet the search bound. 
build_may_read_from, current history is: 1, rf_set size is : 2 
current read action location: 4215288, threadid : 2 
In process read: current localvec size is 1.
The size of localvec is 1.[location: 00000000004051F4,  seq_num: 8. value: 1]	
thread localvec size: 1 
Process read: read locally. 
localvec has no variable. randomly select from rf_set. 
rf_set size is: 2. 

 current action type is  atomic write  . on thread 2, sequence number is : 26 , mo_type is : relaxed. 

 Process write action. Updates local vec in thread 2 - The size of localvec is 1.[location: 00000000004051F4,  seq_num: 8. value: 1]	
calling the get_next_thread. 

 current action type is  atomic read   . on thread 2, sequence number is : 27 , mo_type is : relaxed. 
Current instr. nums: 10. 
Change Priority Points:  [0]: 5  
 no external read job. - read local 
search on 4 threads. current is the 0th thread.
search on 4 threads. current is the 1th thread.
add 1 reads, meet the search bound. 
search on 4 threads. current is the 2th thread.
search on 4 threads. current is the 3th thread.
add 1 reads, meet the search bound. 
build_may_read_from, current history is: 1, rf_set size is : 2 
current read action location: 4215288, threadid : 2 
In process read: current localvec size is 1.
The size of localvec is 1.[location: 00000000004051F4,  seq_num: 8. value: 1]	
thread localvec size: 1 
Process read: read locally. 
localvec has no variable. randomly select from rf_set. 
rf_set size is: 2. 
current read action location: 4215288, threadid : 2 
In process read: current localvec size is 1.
The size of localvec is 1.[location: 00000000004051F4,  seq_num: 8. value: 1]	
thread localvec size: 1 
Process read: read locally. 
localvec has no variable. randomly select from rf_set. 
rf_set size is: 1. 

 current action type is  atomic write  . on thread 2, sequence number is : 28 , mo_type is : relaxed. 

 Process write action. Updates local vec in thread 2 - The size of localvec is 1.[location: 00000000004051F4,  seq_num: 8. value: 1]	
calling the get_next_thread. 

 current action type is  atomic read   . on thread 2, sequence number is : 29 , mo_type is : relaxed. 
Current instr. nums: 11. 
Change Priority Points:  [0]: 5  
 no external read job. - read local 
search on 4 threads. current is the 0th thread.
search on 4 threads. current is the 1th thread.
add 1 reads, meet the search bound. 
search on 4 threads. current is the 2th thread.
search on 4 threads. current is the 3th thread.
add 1 reads, meet the search bound. 
build_may_read_from, current history is: 1, rf_set size is : 2 
current read action location: 4215288, threadid : 2 
In process read: current localvec size is 1.
The size of localvec is 1.[location: 00000000004051F4,  seq_num: 8. value: 1]	
thread localvec size: 1 
Process read: read locally. 
localvec has no variable. randomly select from rf_set. 
rf_set size is: 2. 

 current action type is  atomic write  . on thread 2, sequence number is : 30 , mo_type is : relaxed. 

 Process write action. Updates local vec in thread 2 - The size of localvec is 1.[location: 00000000004051F4,  seq_num: 8. value: 1]	
calling the get_next_thread. 

 current action type is  atomic read   . on thread 2, sequence number is : 31 , mo_type is : relaxed. 
Current instr. nums: 12. 
Change Priority Points:  [0]: 5  
 no external read job. - read local 
search on 4 threads. current is the 0th thread.
search on 4 threads. current is the 1th thread.
add 1 reads, meet the search bound. 
search on 4 threads. current is the 2th thread.
search on 4 threads. current is the 3th thread.
add 1 reads, meet the search bound. 
build_may_read_from, current history is: 1, rf_set size is : 2 
current read action location: 4215288, threadid : 2 
In process read: current localvec size is 1.
The size of localvec is 1.[location: 00000000004051F4,  seq_num: 8. value: 1]	
thread localvec size: 1 
Process read: read locally. 
localvec has no variable. randomly select from rf_set. 
rf_set size is: 2. 

 current action type is  thread finish . on thread 2, sequence number is : 32 , mo_type is : seq_cst. 
calling the get_next_thread. 

 current action type is  pthread join  . on thread 1, sequence number is : 33 , mo_type is : seq_cst. 
calling the get_next_thread. 

 current action type is  atomic read   . on thread 3, sequence number is : 34 , mo_type is : relaxed. 
Current instr. nums: 13. 
Change Priority Points:  [0]: 5  
we meet a pending read again have read external job. - read external
search on 4 threads. current is the 0th thread.
search on 4 threads. current is the 1th thread.
add 1 reads, meet the search bound. 
search on 4 threads. current is the 2th thread.
add 1 reads, meet the search bound. 
search on 4 threads. current is the 3th thread.
build_may_read_from, current history is: 1, rf_set size is : 2 
current read action location: 4215284, threadid : 3 
In process read: current localvec size is 1.
The size of localvec is 1.[location: 00000000004051F8,  seq_num: 9. value: 1]	
Process read: read externally. 
external_readnum job each thread: thread : 0 does not need read externally. thread : 1 does not need read externally. thread : 2 does not need read externally. thread : 3 does not need read externally. 

 current action type is  atomic write  . on thread 3, sequence number is : 35 , mo_type is : relaxed. 

 Process write action. Updates local vec in thread 3 - The size of localvec is 2.[location: 00000000004051F8,  seq_num: 9. value: 1]	[location: 00000000004051F4,  seq_num: 30. value: 1]	
calling the get_next_thread. 

 current action type is  atomic read   . on thread 3, sequence number is : 36 , mo_type is : relaxed. 
Current instr. nums: 14. 
Change Priority Points:  [0]: 5  
 no external read job. - read local 
search on 4 threads. current is the 0th thread.
search on 4 threads. current is the 1th thread.
add 1 reads, meet the search bound. 
search on 4 threads. current is the 2th thread.
add 1 reads, meet the search bound. 
search on 4 threads. current is the 3th thread.
build_may_read_from, current history is: 1, rf_set size is : 2 
current read action location: 4215284, threadid : 3 
In process read: current localvec size is 2.
The size of localvec is 2.[location: 00000000004051F8,  seq_num: 9. value: 1]	[location: 00000000004051F4,  seq_num: 30. value: 1]	
thread localvec size: 2 
Process read: read locally. 
local vec has such write, seqnum:30 
localvec has such variable 

 current action type is  atomic write  . on thread 3, sequence number is : 37 , mo_type is : relaxed. 

 Process write action. Updates local vec in thread 3 - The size of localvec is 2.[location: 00000000004051F8,  seq_num: 9. value: 1]	[location: 00000000004051F4,  seq_num: 30. value: 1]	
calling the get_next_thread. 

 current action type is  atomic read   . on thread 3, sequence number is : 38 , mo_type is : relaxed. 
Current instr. nums: 15. 
Change Priority Points:  [0]: 5  
 no external read job. - read local 
search on 4 threads. current is the 0th thread.
search on 4 threads. current is the 1th thread.
add 1 reads, meet the search bound. 
search on 4 threads. current is the 2th thread.
add 1 reads, meet the search bound. 
search on 4 threads. current is the 3th thread.
build_may_read_from, current history is: 1, rf_set size is : 2 
current read action location: 4215284, threadid : 3 
In process read: current localvec size is 2.
The size of localvec is 2.[location: 00000000004051F8,  seq_num: 9. value: 1]	[location: 00000000004051F4,  seq_num: 30. value: 1]	
thread localvec size: 2 
Process read: read locally. 
local vec has such write, seqnum:30 
localvec has such variable 

 current action type is  thread finish . on thread 3, sequence number is : 39 , mo_type is : seq_cst. 
calling the get_next_thread. 

 current action type is  pthread join  . on thread 1, sequence number is : 40 , mo_type is : seq_cst. 

 current action type is  thread finish . on thread 1, sequence number is : 41 , mo_type is : seq_cst. 
******* Model-checking complete: *******
Number of complete, bug-free executions: 1
Number of buggy executions: 0
Total executions: 1


--- Run #13 ---
C11Tester
Copyright (c) 2013 and 2019 Regents of the University of California. All rights reserved.
Distributed under the GPLv2
Written by Weiyu Luo, Brian Norris, and Brian Demsky

Print current params: 
-v[NUM], --verbose[=NUM]   Default: 0 Now: 0
-x, --maxexec=NUM           Maximum number of executions. Default: 10 Now: 1
-m, --minsize=NUM           Minimum number of actions to keep Default: 0 Now: 0
-f, --freqfree=NUM          Frequency to free actions Default:500000 Now: 500000
-l, --maxscheduler=NUM		 Scheduler length limitation Default:50 Now: 20
-b, --bugdepth=NUM			 bugdepth Default:5 Now: 1
-p, --version=NUM			 c11testerversion Default:0 Now: 1
-i, --maxinstr=NUM			 read num bounds: Default:30 Now: 43
-y, --history=NUM			 rf_set searcg bounds: Default:20 Now: 1
The limit of read nums is 215. 
using pct version now. 
Change Priority Points:  [0]: 5  

 current action type is  thread start  . on thread 1, sequence number is : 1 , mo_type is : seq_cst. 

 current action type is  atomic write  . on thread 1, sequence number is : 2 , mo_type is : relaxed. 

 Process write action. Updates local vec in thread 1 - The size of localvec is 1.[location: 00000000004051F4,  seq_num: 2. value: 0]	

 current action type is  atomic write  . on thread 1, sequence number is : 3 , mo_type is : relaxed. 

 Process write action. Updates local vec in thread 1 - The size of localvec is 2.[location: 00000000004051F4,  seq_num: 2. value: 0]	[location: 00000000004051F8,  seq_num: 3. value: 0]	

 current action type is  pthread create. on thread 1, sequence number is : 4 , mo_type is : seq_cst. 

 current action type is  thread start  . on thread 2, sequence number is : 5 , mo_type is : seq_cst. 

 current action type is  pthread create. on thread 1, sequence number is : 6 , mo_type is : seq_cst. 

 current action type is  thread start  . on thread 3, sequence number is : 7 , mo_type is : seq_cst. 

 current action type is  atomic write  . on thread 2, sequence number is : 8 , mo_type is : relaxed. 

 Process write action. Updates local vec in thread 2 - The size of localvec is 1.[location: 00000000004051F4,  seq_num: 8. value: 1]	

 current action type is  atomic write  . on thread 3, sequence number is : 9 , mo_type is : relaxed. 

 Process write action. Updates local vec in thread 3 - The size of localvec is 1.[location: 00000000004051F8,  seq_num: 9. value: 1]	
calling the get_next_thread. 

 current action type is  atomic read   . on thread 2, sequence number is : 10 , mo_type is : relaxed. 
Current instr. nums: 1. 
Change Priority Points:  [0]: 5  
 no external read job. - read local 
search on 4 threads. current is the 0th thread.
search on 4 threads. current is the 1th thread.
add 1 reads, meet the search bound. 
search on 4 threads. current is the 2th thread.
search on 4 threads. current is the 3th thread.
add 1 reads, meet the search bound. 
build_may_read_from, current history is: 1, rf_set size is : 2 
current read action location: 4215288, threadid : 2 
In process read: current localvec size is 1.
The size of localvec is 1.[location: 00000000004051F4,  seq_num: 8. value: 1]	
thread localvec size: 1 
Process read: read locally. 
localvec has no variable. randomly select from rf_set. 
rf_set size is: 2. 

 current action type is  atomic write  . on thread 2, sequence number is : 11 , mo_type is : relaxed. 

 Process write action. Updates local vec in thread 2 - The size of localvec is 1.[location: 00000000004051F4,  seq_num: 8. value: 1]	
calling the get_next_thread. 

 current action type is  atomic read   . on thread 2, sequence number is : 12 , mo_type is : relaxed. 
Current instr. nums: 2. 
Change Priority Points:  [0]: 5  
 no external read job. - read local 
search on 4 threads. current is the 0th thread.
search on 4 threads. current is the 1th thread.
add 1 reads, meet the search bound. 
search on 4 threads. current is the 2th thread.
search on 4 threads. current is the 3th thread.
add 1 reads, meet the search bound. 
build_may_read_from, current history is: 1, rf_set size is : 2 
current read action location: 4215288, threadid : 2 
In process read: current localvec size is 1.
The size of localvec is 1.[location: 00000000004051F4,  seq_num: 8. value: 1]	
thread localvec size: 1 
Process read: read locally. 
localvec has no variable. randomly select from rf_set. 
rf_set size is: 2. 

 current action type is  atomic write  . on thread 2, sequence number is : 13 , mo_type is : relaxed. 

 Process write action. Updates local vec in thread 2 - The size of localvec is 1.[location: 00000000004051F4,  seq_num: 8. value: 1]	
calling the get_next_thread. 

 current action type is  atomic read   . on thread 2, sequence number is : 14 , mo_type is : relaxed. 
Current instr. nums: 3. 
Change Priority Points:  [0]: 5  
 no external read job. - read local 
search on 4 threads. current is the 0th thread.
search on 4 threads. current is the 1th thread.
add 1 reads, meet the search bound. 
search on 4 threads. current is the 2th thread.
search on 4 threads. current is the 3th thread.
add 1 reads, meet the search bound. 
build_may_read_from, current history is: 1, rf_set size is : 2 
current read action location: 4215288, threadid : 2 
In process read: current localvec size is 1.
The size of localvec is 1.[location: 00000000004051F4,  seq_num: 8. value: 1]	
thread localvec size: 1 
Process read: read locally. 
localvec has no variable. randomly select from rf_set. 
rf_set size is: 2. 
current read action location: 4215288, threadid : 2 
In process read: current localvec size is 1.
The size of localvec is 1.[location: 00000000004051F4,  seq_num: 8. value: 1]	
thread localvec size: 1 
Process read: read locally. 
localvec has no variable. randomly select from rf_set. 
rf_set size is: 1. 

 current action type is  atomic write  . on thread 2, sequence number is : 15 , mo_type is : relaxed. 

 Process write action. Updates local vec in thread 2 - The size of localvec is 1.[location: 00000000004051F4,  seq_num: 8. value: 1]	
calling the get_next_thread. 

 current action type is  atomic read   . on thread 2, sequence number is : 16 , mo_type is : relaxed. 
Current instr. nums: 4. 
Change Priority Points:  [0]: 5  
 no external read job. - read local 
search on 4 threads. current is the 0th thread.
search on 4 threads. current is the 1th thread.
add 1 reads, meet the search bound. 
search on 4 threads. current is the 2th thread.
search on 4 threads. current is the 3th thread.
add 1 reads, meet the search bound. 
build_may_read_from, current history is: 1, rf_set size is : 2 
current read action location: 4215288, threadid : 2 
In process read: current localvec size is 1.
The size of localvec is 1.[location: 00000000004051F4,  seq_num: 8. value: 1]	
thread localvec size: 1 
Process read: read locally. 
localvec has no variable. randomly select from rf_set. 
rf_set size is: 2. 
current read action location: 4215288, threadid : 2 
In process read: current localvec size is 1.
The size of localvec is 1.[location: 00000000004051F4,  seq_num: 8. value: 1]	
thread localvec size: 1 
Process read: read locally. 
localvec has no variable. randomly select from rf_set. 
rf_set size is: 1. 

 current action type is  atomic write  . on thread 2, sequence number is : 17 , mo_type is : relaxed. 

 Process write action. Updates local vec in thread 2 - The size of localvec is 1.[location: 00000000004051F4,  seq_num: 8. value: 1]	
calling the get_next_thread. 

 current action type is  atomic read   . on thread 2, sequence number is : 18 , mo_type is : relaxed. 
Current instr. nums: 5. 
Change Priority Points:  [0]: 5  
reach the 0 change point. Change priority of thread 2. 
high priority vector: [0] : 1[1] : 2[2] : 3
Low priority threads:  [0]: 0  
high priority vector: [0] : 1[1] : -1[2] : 3
Low priority threads:  [0]: 2  
change point. current 2 avail threads.thread: 2, thread: 3, 
currently highest prio thread - thread 3. 
external_readnum job each thread: thread : 0 does not need read externally. thread : 1 does not need read externally. thread : 2 need read externally. 
Change Priority Points:  [0]: 5  
now we are at the 0 change point. 
now we reselect the highest prio thread. 
now change point: select the new highest thread.current 2 avail threads.thread: 2, thread: 3, 
return the highest thread: 3 

 current action type is  atomic read   . on thread 3, sequence number is : 19 , mo_type is : relaxed. 
Current instr. nums: 6. 
Change Priority Points:  [0]: 5  
 no external read job. - read local 
search on 4 threads. current is the 0th thread.
search on 4 threads. current is the 1th thread.
add 1 reads, meet the search bound. 
search on 4 threads. current is the 2th thread.
add 1 reads, meet the search bound. 
search on 4 threads. current is the 3th thread.
build_may_read_from, current history is: 1, rf_set size is : 2 
current read action location: 4215284, threadid : 3 
In process read: current localvec size is 1.
The size of localvec is 1.[location: 00000000004051F8,  seq_num: 9. value: 1]	
thread localvec size: 1 
Process read: read locally. 
localvec has no variable. randomly select from rf_set. 
rf_set size is: 2. 

 current action type is  atomic write  . on thread 3, sequence number is : 20 , mo_type is : relaxed. 

 Process write action. Updates local vec in thread 3 - The size of localvec is 1.[location: 00000000004051F8,  seq_num: 9. value: 1]	
calling the get_next_thread. 

 current action type is  atomic read   . on thread 3, sequence number is : 21 , mo_type is : relaxed. 
Current instr. nums: 7. 
Change Priority Points:  [0]: 5  
 no external read job. - read local 
search on 4 threads. current is the 0th thread.
search on 4 threads. current is the 1th thread.
add 1 reads, meet the search bound. 
search on 4 threads. current is the 2th thread.
add 1 reads, meet the search bound. 
search on 4 threads. current is the 3th thread.
build_may_read_from, current history is: 1, rf_set size is : 2 
current read action location: 4215284, threadid : 3 
In process read: current localvec size is 1.
The size of localvec is 1.[location: 00000000004051F8,  seq_num: 9. value: 1]	
thread localvec size: 1 
Process read: read locally. 
localvec has no variable. randomly select from rf_set. 
rf_set size is: 2. 
current read action location: 4215284, threadid : 3 
In process read: current localvec size is 1.
The size of localvec is 1.[location: 00000000004051F8,  seq_num: 9. value: 1]	
thread localvec size: 1 
Process read: read locally. 
localvec has no variable. randomly select from rf_set. 
rf_set size is: 1. 

 current action type is  atomic write  . on thread 3, sequence number is : 22 , mo_type is : relaxed. 

 Process write action. Updates local vec in thread 3 - The size of localvec is 1.[location: 00000000004051F8,  seq_num: 9. value: 1]	
calling the get_next_thread. 

 current action type is  atomic read   . on thread 3, sequence number is : 23 , mo_type is : relaxed. 
Current instr. nums: 8. 
Change Priority Points:  [0]: 5  
 no external read job. - read local 
search on 4 threads. current is the 0th thread.
search on 4 threads. current is the 1th thread.
add 1 reads, meet the search bound. 
search on 4 threads. current is the 2th thread.
add 1 reads, meet the search bound. 
search on 4 threads. current is the 3th thread.
build_may_read_from, current history is: 1, rf_set size is : 2 
current read action location: 4215284, threadid : 3 
In process read: current localvec size is 1.
The size of localvec is 1.[location: 00000000004051F8,  seq_num: 9. value: 1]	
thread localvec size: 1 
Process read: read locally. 
localvec has no variable. randomly select from rf_set. 
rf_set size is: 2. 

 current action type is  atomic write  . on thread 3, sequence number is : 24 , mo_type is : relaxed. 

 Process write action. Updates local vec in thread 3 - The size of localvec is 1.[location: 00000000004051F8,  seq_num: 9. value: 1]	
calling the get_next_thread. 

 current action type is  atomic read   . on thread 3, sequence number is : 25 , mo_type is : relaxed. 
Current instr. nums: 9. 
Change Priority Points:  [0]: 5  
 no external read job. - read local 
search on 4 threads. current is the 0th thread.
search on 4 threads. current is the 1th thread.
add 1 reads, meet the search bound. 
search on 4 threads. current is the 2th thread.
add 1 reads, meet the search bound. 
search on 4 threads. current is the 3th thread.
build_may_read_from, current history is: 1, rf_set size is : 2 
current read action location: 4215284, threadid : 3 
In process read: current localvec size is 1.
The size of localvec is 1.[location: 00000000004051F8,  seq_num: 9. value: 1]	
thread localvec size: 1 
Process read: read locally. 
localvec has no variable. randomly select from rf_set. 
rf_set size is: 2. 

 current action type is  atomic write  . on thread 3, sequence number is : 26 , mo_type is : relaxed. 

 Process write action. Updates local vec in thread 3 - The size of localvec is 1.[location: 00000000004051F8,  seq_num: 9. value: 1]	
calling the get_next_thread. 

 current action type is  atomic read   . on thread 3, sequence number is : 27 , mo_type is : relaxed. 
Current instr. nums: 10. 
Change Priority Points:  [0]: 5  
 no external read job. - read local 
search on 4 threads. current is the 0th thread.
search on 4 threads. current is the 1th thread.
add 1 reads, meet the search bound. 
search on 4 threads. current is the 2th thread.
add 1 reads, meet the search bound. 
search on 4 threads. current is the 3th thread.
build_may_read_from, current history is: 1, rf_set size is : 2 
current read action location: 4215284, threadid : 3 
In process read: current localvec size is 1.
The size of localvec is 1.[location: 00000000004051F8,  seq_num: 9. value: 1]	
thread localvec size: 1 
Process read: read locally. 
localvec has no variable. randomly select from rf_set. 
rf_set size is: 2. 

 current action type is  atomic write  . on thread 3, sequence number is : 28 , mo_type is : relaxed. 

 Process write action. Updates local vec in thread 3 - The size of localvec is 1.[location: 00000000004051F8,  seq_num: 9. value: 1]	
calling the get_next_thread. 

 current action type is  atomic read   . on thread 3, sequence number is : 29 , mo_type is : relaxed. 
Current instr. nums: 11. 
Change Priority Points:  [0]: 5  
 no external read job. - read local 
search on 4 threads. current is the 0th thread.
search on 4 threads. current is the 1th thread.
add 1 reads, meet the search bound. 
search on 4 threads. current is the 2th thread.
add 1 reads, meet the search bound. 
search on 4 threads. current is the 3th thread.
build_may_read_from, current history is: 1, rf_set size is : 2 
current read action location: 4215284, threadid : 3 
In process read: current localvec size is 1.
The size of localvec is 1.[location: 00000000004051F8,  seq_num: 9. value: 1]	
thread localvec size: 1 
Process read: read locally. 
localvec has no variable. randomly select from rf_set. 
rf_set size is: 2. 
current read action location: 4215284, threadid : 3 
In process read: current localvec size is 1.
The size of localvec is 1.[location: 00000000004051F8,  seq_num: 9. value: 1]	
thread localvec size: 1 
Process read: read locally. 
localvec has no variable. randomly select from rf_set. 
rf_set size is: 1. 

 current action type is  atomic write  . on thread 3, sequence number is : 30 , mo_type is : relaxed. 

 Process write action. Updates local vec in thread 3 - The size of localvec is 1.[location: 00000000004051F8,  seq_num: 9. value: 1]	
calling the get_next_thread. 

 current action type is  atomic read   . on thread 3, sequence number is : 31 , mo_type is : relaxed. 
Current instr. nums: 12. 
Change Priority Points:  [0]: 5  
 no external read job. - read local 
search on 4 threads. current is the 0th thread.
search on 4 threads. current is the 1th thread.
add 1 reads, meet the search bound. 
search on 4 threads. current is the 2th thread.
add 1 reads, meet the search bound. 
search on 4 threads. current is the 3th thread.
build_may_read_from, current history is: 1, rf_set size is : 2 
current read action location: 4215284, threadid : 3 
In process read: current localvec size is 1.
The size of localvec is 1.[location: 00000000004051F8,  seq_num: 9. value: 1]	
thread localvec size: 1 
Process read: read locally. 
localvec has no variable. randomly select from rf_set. 
rf_set size is: 2. 
current read action location: 4215284, threadid : 3 
In process read: current localvec size is 1.
The size of localvec is 1.[location: 00000000004051F8,  seq_num: 9. value: 1]	
thread localvec size: 1 
Process read: read locally. 
localvec has no variable. randomly select from rf_set. 
rf_set size is: 1. 

 current action type is  thread finish . on thread 3, sequence number is : 32 , mo_type is : seq_cst. 
calling the get_next_thread. 

 current action type is  atomic read   . on thread 2, sequence number is : 33 , mo_type is : relaxed. 
Current instr. nums: 13. 
Change Priority Points:  [0]: 5  
we meet a pending read again have read external job. - read external
search on 4 threads. current is the 0th thread.
search on 4 threads. current is the 1th thread.
add 1 reads, meet the search bound. 
search on 4 threads. current is the 2th thread.
search on 4 threads. current is the 3th thread.
add 1 reads, meet the search bound. 
build_may_read_from, current history is: 1, rf_set size is : 2 
current read action location: 4215288, threadid : 2 
In process read: current localvec size is 1.
The size of localvec is 1.[location: 00000000004051F4,  seq_num: 8. value: 1]	
Process read: read externally. 
external_readnum job each thread: thread : 0 does not need read externally. thread : 1 does not need read externally. thread : 2 does not need read externally. thread : 3 does not need read externally. 

 current action type is  atomic write  . on thread 2, sequence number is : 34 , mo_type is : relaxed. 

 Process write action. Updates local vec in thread 2 - The size of localvec is 2.[location: 00000000004051F4,  seq_num: 8. value: 1]	[location: 00000000004051F8,  seq_num: 30. value: 1]	
calling the get_next_thread. 

 current action type is  atomic read   . on thread 2, sequence number is : 35 , mo_type is : relaxed. 
Current instr. nums: 14. 
Change Priority Points:  [0]: 5  
 no external read job. - read local 
search on 4 threads. current is the 0th thread.
search on 4 threads. current is the 1th thread.
add 1 reads, meet the search bound. 
search on 4 threads. current is the 2th thread.
search on 4 threads. current is the 3th thread.
add 1 reads, meet the search bound. 
build_may_read_from, current history is: 1, rf_set size is : 2 
current read action location: 4215288, threadid : 2 
In process read: current localvec size is 2.
The size of localvec is 2.[location: 00000000004051F4,  seq_num: 8. value: 1]	[location: 00000000004051F8,  seq_num: 30. value: 1]	
thread localvec size: 2 
Process read: read locally. 
local vec has such write, seqnum:30 
localvec has such variable 

 current action type is  atomic write  . on thread 2, sequence number is : 36 , mo_type is : relaxed. 

 Process write action. Updates local vec in thread 2 - The size of localvec is 2.[location: 00000000004051F4,  seq_num: 8. value: 1]	[location: 00000000004051F8,  seq_num: 30. value: 1]	
calling the get_next_thread. 

 current action type is  atomic read   . on thread 2, sequence number is : 37 , mo_type is : relaxed. 
Current instr. nums: 15. 
Change Priority Points:  [0]: 5  
 no external read job. - read local 
search on 4 threads. current is the 0th thread.
search on 4 threads. current is the 1th thread.
add 1 reads, meet the search bound. 
search on 4 threads. current is the 2th thread.
search on 4 threads. current is the 3th thread.
add 1 reads, meet the search bound. 
build_may_read_from, current history is: 1, rf_set size is : 2 
current read action location: 4215288, threadid : 2 
In process read: current localvec size is 2.
The size of localvec is 2.[location: 00000000004051F4,  seq_num: 8. value: 1]	[location: 00000000004051F8,  seq_num: 30. value: 1]	
thread localvec size: 2 
Process read: read locally. 
local vec has such write, seqnum:30 
localvec has such variable 

 current action type is  thread finish . on thread 2, sequence number is : 38 , mo_type is : seq_cst. 
calling the get_next_thread. 

 current action type is  pthread join  . on thread 1, sequence number is : 39 , mo_type is : seq_cst. 
calling the get_next_thread. 

 current action type is  pthread join  . on thread 1, sequence number is : 40 , mo_type is : seq_cst. 

 current action type is  thread finish . on thread 1, sequence number is : 41 , mo_type is : seq_cst. 
******* Model-checking complete: *******
Number of complete, bug-free executions: 1
Number of buggy executions: 0
Total executions: 1


--- Run #14 ---
C11Tester
Copyright (c) 2013 and 2019 Regents of the University of California. All rights reserved.
Distributed under the GPLv2
Written by Weiyu Luo, Brian Norris, and Brian Demsky

Print current params: 
-v[NUM], --verbose[=NUM]   Default: 0 Now: 0
-x, --maxexec=NUM           Maximum number of executions. Default: 10 Now: 1
-m, --minsize=NUM           Minimum number of actions to keep Default: 0 Now: 0
-f, --freqfree=NUM          Frequency to free actions Default:500000 Now: 500000
-l, --maxscheduler=NUM		 Scheduler length limitation Default:50 Now: 20
-b, --bugdepth=NUM			 bugdepth Default:5 Now: 1
-p, --version=NUM			 c11testerversion Default:0 Now: 1
-i, --maxinstr=NUM			 read num bounds: Default:30 Now: 43
-y, --history=NUM			 rf_set searcg bounds: Default:20 Now: 1
The limit of read nums is 215. 
using pct version now. 
Change Priority Points:  [0]: 5  

 current action type is  thread start  . on thread 1, sequence number is : 1 , mo_type is : seq_cst. 

 current action type is  atomic write  . on thread 1, sequence number is : 2 , mo_type is : relaxed. 

 Process write action. Updates local vec in thread 1 - The size of localvec is 1.[location: 00000000004051F4,  seq_num: 2. value: 0]	

 current action type is  atomic write  . on thread 1, sequence number is : 3 , mo_type is : relaxed. 

 Process write action. Updates local vec in thread 1 - The size of localvec is 2.[location: 00000000004051F4,  seq_num: 2. value: 0]	[location: 00000000004051F8,  seq_num: 3. value: 0]	

 current action type is  pthread create. on thread 1, sequence number is : 4 , mo_type is : seq_cst. 

 current action type is  thread start  . on thread 2, sequence number is : 5 , mo_type is : seq_cst. 

 current action type is  pthread create. on thread 1, sequence number is : 6 , mo_type is : seq_cst. 

 current action type is  thread start  . on thread 3, sequence number is : 7 , mo_type is : seq_cst. 

 current action type is  atomic write  . on thread 2, sequence number is : 8 , mo_type is : relaxed. 

 Process write action. Updates local vec in thread 2 - The size of localvec is 1.[location: 00000000004051F4,  seq_num: 8. value: 1]	

 current action type is  atomic write  . on thread 3, sequence number is : 9 , mo_type is : relaxed. 

 Process write action. Updates local vec in thread 3 - The size of localvec is 1.[location: 00000000004051F8,  seq_num: 9. value: 1]	
calling the get_next_thread. 

 current action type is  atomic read   . on thread 3, sequence number is : 10 , mo_type is : relaxed. 
Current instr. nums: 1. 
Change Priority Points:  [0]: 5  
 no external read job. - read local 
search on 4 threads. current is the 0th thread.
search on 4 threads. current is the 1th thread.
add 1 reads, meet the search bound. 
search on 4 threads. current is the 2th thread.
add 1 reads, meet the search bound. 
search on 4 threads. current is the 3th thread.
build_may_read_from, current history is: 1, rf_set size is : 2 
current read action location: 4215284, threadid : 3 
In process read: current localvec size is 1.
The size of localvec is 1.[location: 00000000004051F8,  seq_num: 9. value: 1]	
thread localvec size: 1 
Process read: read locally. 
localvec has no variable. randomly select from rf_set. 
rf_set size is: 2. 

 current action type is  atomic write  . on thread 3, sequence number is : 11 , mo_type is : relaxed. 

 Process write action. Updates local vec in thread 3 - The size of localvec is 1.[location: 00000000004051F8,  seq_num: 9. value: 1]	
calling the get_next_thread. 

 current action type is  atomic read   . on thread 3, sequence number is : 12 , mo_type is : relaxed. 
Current instr. nums: 2. 
Change Priority Points:  [0]: 5  
 no external read job. - read local 
search on 4 threads. current is the 0th thread.
search on 4 threads. current is the 1th thread.
add 1 reads, meet the search bound. 
search on 4 threads. current is the 2th thread.
add 1 reads, meet the search bound. 
search on 4 threads. current is the 3th thread.
build_may_read_from, current history is: 1, rf_set size is : 2 
current read action location: 4215284, threadid : 3 
In process read: current localvec size is 1.
The size of localvec is 1.[location: 00000000004051F8,  seq_num: 9. value: 1]	
thread localvec size: 1 
Process read: read locally. 
localvec has no variable. randomly select from rf_set. 
rf_set size is: 2. 

 current action type is  atomic write  . on thread 3, sequence number is : 13 , mo_type is : relaxed. 

 Process write action. Updates local vec in thread 3 - The size of localvec is 1.[location: 00000000004051F8,  seq_num: 9. value: 1]	
calling the get_next_thread. 

 current action type is  atomic read   . on thread 3, sequence number is : 14 , mo_type is : relaxed. 
Current instr. nums: 3. 
Change Priority Points:  [0]: 5  
 no external read job. - read local 
search on 4 threads. current is the 0th thread.
search on 4 threads. current is the 1th thread.
add 1 reads, meet the search bound. 
search on 4 threads. current is the 2th thread.
add 1 reads, meet the search bound. 
search on 4 threads. current is the 3th thread.
build_may_read_from, current history is: 1, rf_set size is : 2 
current read action location: 4215284, threadid : 3 
In process read: current localvec size is 1.
The size of localvec is 1.[location: 00000000004051F8,  seq_num: 9. value: 1]	
thread localvec size: 1 
Process read: read locally. 
localvec has no variable. randomly select from rf_set. 
rf_set size is: 2. 

 current action type is  atomic write  . on thread 3, sequence number is : 15 , mo_type is : relaxed. 

 Process write action. Updates local vec in thread 3 - The size of localvec is 1.[location: 00000000004051F8,  seq_num: 9. value: 1]	
calling the get_next_thread. 

 current action type is  atomic read   . on thread 3, sequence number is : 16 , mo_type is : relaxed. 
Current instr. nums: 4. 
Change Priority Points:  [0]: 5  
 no external read job. - read local 
search on 4 threads. current is the 0th thread.
search on 4 threads. current is the 1th thread.
add 1 reads, meet the search bound. 
search on 4 threads. current is the 2th thread.
add 1 reads, meet the search bound. 
search on 4 threads. current is the 3th thread.
build_may_read_from, current history is: 1, rf_set size is : 2 
current read action location: 4215284, threadid : 3 
In process read: current localvec size is 1.
The size of localvec is 1.[location: 00000000004051F8,  seq_num: 9. value: 1]	
thread localvec size: 1 
Process read: read locally. 
localvec has no variable. randomly select from rf_set. 
rf_set size is: 2. 
current read action location: 4215284, threadid : 3 
In process read: current localvec size is 1.
The size of localvec is 1.[location: 00000000004051F8,  seq_num: 9. value: 1]	
thread localvec size: 1 
Process read: read locally. 
localvec has no variable. randomly select from rf_set. 
rf_set size is: 1. 

 current action type is  atomic write  . on thread 3, sequence number is : 17 , mo_type is : relaxed. 

 Process write action. Updates local vec in thread 3 - The size of localvec is 1.[location: 00000000004051F8,  seq_num: 9. value: 1]	
calling the get_next_thread. 

 current action type is  atomic read   . on thread 3, sequence number is : 18 , mo_type is : relaxed. 
Current instr. nums: 5. 
Change Priority Points:  [0]: 5  
reach the 0 change point. Change priority of thread 3. 
high priority vector: [0] : 3[1] : 1[2] : 2
Low priority threads:  [0]: 0  
high priority vector: [0] : -1[1] : 1[2] : 2
Low priority threads:  [0]: 3  
change point. current 2 avail threads.thread: 2, thread: 3, 
currently highest prio thread - thread 2. 
external_readnum job each thread: thread : 0 does not need read externally. thread : 1 does not need read externally. thread : 2 does not need read externally. thread : 3 need read externally. 
Change Priority Points:  [0]: 5  
now we are at the 0 change point. 
now we reselect the highest prio thread. 
now change point: select the new highest thread.current 2 avail threads.thread: 2, thread: 3, 
return the highest thread: 2 

 current action type is  atomic read   . on thread 2, sequence number is : 19 , mo_type is : relaxed. 
Current instr. nums: 6. 
Change Priority Points:  [0]: 5  
 no external read job. - read local 
search on 4 threads. current is the 0th thread.
search on 4 threads. current is the 1th thread.
add 1 reads, meet the search bound. 
search on 4 threads. current is the 2th thread.
search on 4 threads. current is the 3th thread.
add 1 reads, meet the search bound. 
build_may_read_from, current history is: 1, rf_set size is : 2 
current read action location: 4215288, threadid : 2 
In process read: current localvec size is 1.
The size of localvec is 1.[location: 00000000004051F4,  seq_num: 8. value: 1]	
thread localvec size: 1 
Process read: read locally. 
localvec has no variable. randomly select from rf_set. 
rf_set size is: 2. 

 current action type is  atomic write  . on thread 2, sequence number is : 20 , mo_type is : relaxed. 

 Process write action. Updates local vec in thread 2 - The size of localvec is 1.[location: 00000000004051F4,  seq_num: 8. value: 1]	
calling the get_next_thread. 

 current action type is  atomic read   . on thread 2, sequence number is : 21 , mo_type is : relaxed. 
Current instr. nums: 7. 
Change Priority Points:  [0]: 5  
 no external read job. - read local 
search on 4 threads. current is the 0th thread.
search on 4 threads. current is the 1th thread.
add 1 reads, meet the search bound. 
search on 4 threads. current is the 2th thread.
search on 4 threads. current is the 3th thread.
add 1 reads, meet the search bound. 
build_may_read_from, current history is: 1, rf_set size is : 2 
current read action location: 4215288, threadid : 2 
In process read: current localvec size is 1.
The size of localvec is 1.[location: 00000000004051F4,  seq_num: 8. value: 1]	
thread localvec size: 1 
Process read: read locally. 
localvec has no variable. randomly select from rf_set. 
rf_set size is: 2. 

 current action type is  atomic write  . on thread 2, sequence number is : 22 , mo_type is : relaxed. 

 Process write action. Updates local vec in thread 2 - The size of localvec is 1.[location: 00000000004051F4,  seq_num: 8. value: 1]	
calling the get_next_thread. 

 current action type is  atomic read   . on thread 2, sequence number is : 23 , mo_type is : relaxed. 
Current instr. nums: 8. 
Change Priority Points:  [0]: 5  
 no external read job. - read local 
search on 4 threads. current is the 0th thread.
search on 4 threads. current is the 1th thread.
add 1 reads, meet the search bound. 
search on 4 threads. current is the 2th thread.
search on 4 threads. current is the 3th thread.
add 1 reads, meet the search bound. 
build_may_read_from, current history is: 1, rf_set size is : 2 
current read action location: 4215288, threadid : 2 
In process read: current localvec size is 1.
The size of localvec is 1.[location: 00000000004051F4,  seq_num: 8. value: 1]	
thread localvec size: 1 
Process read: read locally. 
localvec has no variable. randomly select from rf_set. 
rf_set size is: 2. 
current read action location: 4215288, threadid : 2 
In process read: current localvec size is 1.
The size of localvec is 1.[location: 00000000004051F4,  seq_num: 8. value: 1]	
thread localvec size: 1 
Process read: read locally. 
localvec has no variable. randomly select from rf_set. 
rf_set size is: 1. 

 current action type is  atomic write  . on thread 2, sequence number is : 24 , mo_type is : relaxed. 

 Process write action. Updates local vec in thread 2 - The size of localvec is 1.[location: 00000000004051F4,  seq_num: 8. value: 1]	
calling the get_next_thread. 

 current action type is  atomic read   . on thread 2, sequence number is : 25 , mo_type is : relaxed. 
Current instr. nums: 9. 
Change Priority Points:  [0]: 5  
 no external read job. - read local 
search on 4 threads. current is the 0th thread.
search on 4 threads. current is the 1th thread.
add 1 reads, meet the search bound. 
search on 4 threads. current is the 2th thread.
search on 4 threads. current is the 3th thread.
add 1 reads, meet the search bound. 
build_may_read_from, current history is: 1, rf_set size is : 2 
current read action location: 4215288, threadid : 2 
In process read: current localvec size is 1.
The size of localvec is 1.[location: 00000000004051F4,  seq_num: 8. value: 1]	
thread localvec size: 1 
Process read: read locally. 
localvec has no variable. randomly select from rf_set. 
rf_set size is: 2. 
current read action location: 4215288, threadid : 2 
In process read: current localvec size is 1.
The size of localvec is 1.[location: 00000000004051F4,  seq_num: 8. value: 1]	
thread localvec size: 1 
Process read: read locally. 
localvec has no variable. randomly select from rf_set. 
rf_set size is: 1. 

 current action type is  atomic write  . on thread 2, sequence number is : 26 , mo_type is : relaxed. 

 Process write action. Updates local vec in thread 2 - The size of localvec is 1.[location: 00000000004051F4,  seq_num: 8. value: 1]	
calling the get_next_thread. 

 current action type is  atomic read   . on thread 2, sequence number is : 27 , mo_type is : relaxed. 
Current instr. nums: 10. 
Change Priority Points:  [0]: 5  
 no external read job. - read local 
search on 4 threads. current is the 0th thread.
search on 4 threads. current is the 1th thread.
add 1 reads, meet the search bound. 
search on 4 threads. current is the 2th thread.
search on 4 threads. current is the 3th thread.
add 1 reads, meet the search bound. 
build_may_read_from, current history is: 1, rf_set size is : 2 
current read action location: 4215288, threadid : 2 
In process read: current localvec size is 1.
The size of localvec is 1.[location: 00000000004051F4,  seq_num: 8. value: 1]	
thread localvec size: 1 
Process read: read locally. 
localvec has no variable. randomly select from rf_set. 
rf_set size is: 2. 
current read action location: 4215288, threadid : 2 
In process read: current localvec size is 1.
The size of localvec is 1.[location: 00000000004051F4,  seq_num: 8. value: 1]	
thread localvec size: 1 
Process read: read locally. 
localvec has no variable. randomly select from rf_set. 
rf_set size is: 1. 

 current action type is  atomic write  . on thread 2, sequence number is : 28 , mo_type is : relaxed. 

 Process write action. Updates local vec in thread 2 - The size of localvec is 1.[location: 00000000004051F4,  seq_num: 8. value: 1]	
calling the get_next_thread. 

 current action type is  atomic read   . on thread 2, sequence number is : 29 , mo_type is : relaxed. 
Current instr. nums: 11. 
Change Priority Points:  [0]: 5  
 no external read job. - read local 
search on 4 threads. current is the 0th thread.
search on 4 threads. current is the 1th thread.
add 1 reads, meet the search bound. 
search on 4 threads. current is the 2th thread.
search on 4 threads. current is the 3th thread.
add 1 reads, meet the search bound. 
build_may_read_from, current history is: 1, rf_set size is : 2 
current read action location: 4215288, threadid : 2 
In process read: current localvec size is 1.
The size of localvec is 1.[location: 00000000004051F4,  seq_num: 8. value: 1]	
thread localvec size: 1 
Process read: read locally. 
localvec has no variable. randomly select from rf_set. 
rf_set size is: 2. 

 current action type is  atomic write  . on thread 2, sequence number is : 30 , mo_type is : relaxed. 

 Process write action. Updates local vec in thread 2 - The size of localvec is 1.[location: 00000000004051F4,  seq_num: 8. value: 1]	
calling the get_next_thread. 

 current action type is  atomic read   . on thread 2, sequence number is : 31 , mo_type is : relaxed. 
Current instr. nums: 12. 
Change Priority Points:  [0]: 5  
 no external read job. - read local 
search on 4 threads. current is the 0th thread.
search on 4 threads. current is the 1th thread.
add 1 reads, meet the search bound. 
search on 4 threads. current is the 2th thread.
search on 4 threads. current is the 3th thread.
add 1 reads, meet the search bound. 
build_may_read_from, current history is: 1, rf_set size is : 2 
current read action location: 4215288, threadid : 2 
In process read: current localvec size is 1.
The size of localvec is 1.[location: 00000000004051F4,  seq_num: 8. value: 1]	
thread localvec size: 1 
Process read: read locally. 
localvec has no variable. randomly select from rf_set. 
rf_set size is: 2. 
current read action location: 4215288, threadid : 2 
In process read: current localvec size is 1.
The size of localvec is 1.[location: 00000000004051F4,  seq_num: 8. value: 1]	
thread localvec size: 1 
Process read: read locally. 
localvec has no variable. randomly select from rf_set. 
rf_set size is: 1. 

 current action type is  thread finish . on thread 2, sequence number is : 32 , mo_type is : seq_cst. 
calling the get_next_thread. 

 current action type is  pthread join  . on thread 1, sequence number is : 33 , mo_type is : seq_cst. 
calling the get_next_thread. 

 current action type is  atomic read   . on thread 3, sequence number is : 34 , mo_type is : relaxed. 
Current instr. nums: 13. 
Change Priority Points:  [0]: 5  
we meet a pending read again have read external job. - read external
search on 4 threads. current is the 0th thread.
search on 4 threads. current is the 1th thread.
add 1 reads, meet the search bound. 
search on 4 threads. current is the 2th thread.
add 1 reads, meet the search bound. 
search on 4 threads. current is the 3th thread.
build_may_read_from, current history is: 1, rf_set size is : 2 
current read action location: 4215284, threadid : 3 
In process read: current localvec size is 1.
The size of localvec is 1.[location: 00000000004051F8,  seq_num: 9. value: 1]	
Process read: read externally. 
current read action location: 4215284, threadid : 3 
In process read: current localvec size is 2.
The size of localvec is 2.[location: 00000000004051F8,  seq_num: 9. value: 1]	[location: 00000000004051F4,  seq_num: 2. value: 0]	
Process read: read externally. 
external_readnum job each thread: thread : 0 does not need read externally. thread : 1 does not need read externally. thread : 2 does not need read externally. thread : 3 does not need read externally. 

 current action type is  atomic write  . on thread 3, sequence number is : 35 , mo_type is : relaxed. 

 Process write action. Updates local vec in thread 3 - The size of localvec is 2.[location: 00000000004051F8,  seq_num: 9. value: 1]	[location: 00000000004051F4,  seq_num: 2. value: 0]	
calling the get_next_thread. 

 current action type is  atomic read   . on thread 3, sequence number is : 36 , mo_type is : relaxed. 
Current instr. nums: 14. 
Change Priority Points:  [0]: 5  
 no external read job. - read local 
search on 4 threads. current is the 0th thread.
search on 4 threads. current is the 1th thread.
add 1 reads, meet the search bound. 
search on 4 threads. current is the 2th thread.
add 1 reads, meet the search bound. 
search on 4 threads. current is the 3th thread.
build_may_read_from, current history is: 1, rf_set size is : 2 
current read action location: 4215284, threadid : 3 
In process read: current localvec size is 2.
The size of localvec is 2.[location: 00000000004051F8,  seq_num: 9. value: 1]	[location: 00000000004051F4,  seq_num: 2. value: 0]	
thread localvec size: 2 
Process read: read locally. 
local vec has such write, seqnum:2 
localvec has such variable 
current read action location: 4215284, threadid : 3 
In process read: current localvec size is 2.
The size of localvec is 2.[location: 00000000004051F8,  seq_num: 9. value: 1]	[location: 00000000004051F4,  seq_num: 2. value: 0]	
thread localvec size: 2 
Process read: read locally. 
local vec has such write, seqnum:2 
localvec has one variable. but not in the rf_set 
rf_set size is: 1. 

 current action type is  atomic write  . on thread 3, sequence number is : 37 , mo_type is : relaxed. 

 Process write action. Updates local vec in thread 3 - The size of localvec is 2.[location: 00000000004051F8,  seq_num: 9. value: 1]	[location: 00000000004051F4,  seq_num: 2. value: 0]	
calling the get_next_thread. 

 current action type is  atomic read   . on thread 3, sequence number is : 38 , mo_type is : relaxed. 
Current instr. nums: 15. 
Change Priority Points:  [0]: 5  
 no external read job. - read local 
search on 4 threads. current is the 0th thread.
search on 4 threads. current is the 1th thread.
add 1 reads, meet the search bound. 
search on 4 threads. current is the 2th thread.
add 1 reads, meet the search bound. 
search on 4 threads. current is the 3th thread.
build_may_read_from, current history is: 1, rf_set size is : 2 
current read action location: 4215284, threadid : 3 
In process read: current localvec size is 2.
The size of localvec is 2.[location: 00000000004051F8,  seq_num: 9. value: 1]	[location: 00000000004051F4,  seq_num: 2. value: 0]	
thread localvec size: 2 
Process read: read locally. 
local vec has such write, seqnum:2 
localvec has such variable 
current read action location: 4215284, threadid : 3 
In process read: current localvec size is 2.
The size of localvec is 2.[location: 00000000004051F8,  seq_num: 9. value: 1]	[location: 00000000004051F4,  seq_num: 2. value: 0]	
thread localvec size: 2 
Process read: read locally. 
local vec has such write, seqnum:2 
localvec has one variable. but not in the rf_set 
rf_set size is: 1. 

 current action type is  thread finish . on thread 3, sequence number is : 39 , mo_type is : seq_cst. 
calling the get_next_thread. 

 current action type is  pthread join  . on thread 1, sequence number is : 40 , mo_type is : seq_cst. 

 current action type is  thread finish . on thread 1, sequence number is : 41 , mo_type is : seq_cst. 
******* Model-checking complete: *******
Number of complete, bug-free executions: 1
Number of buggy executions: 0
Total executions: 1


--- Run #15 ---
C11Tester
Copyright (c) 2013 and 2019 Regents of the University of California. All rights reserved.
Distributed under the GPLv2
Written by Weiyu Luo, Brian Norris, and Brian Demsky

Print current params: 
-v[NUM], --verbose[=NUM]   Default: 0 Now: 0
-x, --maxexec=NUM           Maximum number of executions. Default: 10 Now: 1
-m, --minsize=NUM           Minimum number of actions to keep Default: 0 Now: 0
-f, --freqfree=NUM          Frequency to free actions Default:500000 Now: 500000
-l, --maxscheduler=NUM		 Scheduler length limitation Default:50 Now: 20
-b, --bugdepth=NUM			 bugdepth Default:5 Now: 1
-p, --version=NUM			 c11testerversion Default:0 Now: 1
-i, --maxinstr=NUM			 read num bounds: Default:30 Now: 43
-y, --history=NUM			 rf_set searcg bounds: Default:20 Now: 1
The limit of read nums is 215. 
using pct version now. 
Change Priority Points:  [0]: 5  

 current action type is  thread start  . on thread 1, sequence number is : 1 , mo_type is : seq_cst. 

 current action type is  atomic write  . on thread 1, sequence number is : 2 , mo_type is : relaxed. 

 Process write action. Updates local vec in thread 1 - The size of localvec is 1.[location: 00000000004051F4,  seq_num: 2. value: 0]	

 current action type is  atomic write  . on thread 1, sequence number is : 3 , mo_type is : relaxed. 

 Process write action. Updates local vec in thread 1 - The size of localvec is 2.[location: 00000000004051F4,  seq_num: 2. value: 0]	[location: 00000000004051F8,  seq_num: 3. value: 0]	

 current action type is  pthread create. on thread 1, sequence number is : 4 , mo_type is : seq_cst. 

 current action type is  thread start  . on thread 2, sequence number is : 5 , mo_type is : seq_cst. 

 current action type is  pthread create. on thread 1, sequence number is : 6 , mo_type is : seq_cst. 

 current action type is  thread start  . on thread 3, sequence number is : 7 , mo_type is : seq_cst. 

 current action type is  atomic write  . on thread 2, sequence number is : 8 , mo_type is : relaxed. 

 Process write action. Updates local vec in thread 2 - The size of localvec is 1.[location: 00000000004051F4,  seq_num: 8. value: 1]	

 current action type is  atomic write  . on thread 3, sequence number is : 9 , mo_type is : relaxed. 

 Process write action. Updates local vec in thread 3 - The size of localvec is 1.[location: 00000000004051F8,  seq_num: 9. value: 1]	
calling the get_next_thread. 

 current action type is  atomic read   . on thread 3, sequence number is : 10 , mo_type is : relaxed. 
Current instr. nums: 1. 
Change Priority Points:  [0]: 5  
 no external read job. - read local 
search on 4 threads. current is the 0th thread.
search on 4 threads. current is the 1th thread.
add 1 reads, meet the search bound. 
search on 4 threads. current is the 2th thread.
add 1 reads, meet the search bound. 
search on 4 threads. current is the 3th thread.
build_may_read_from, current history is: 1, rf_set size is : 2 
current read action location: 4215284, threadid : 3 
In process read: current localvec size is 1.
The size of localvec is 1.[location: 00000000004051F8,  seq_num: 9. value: 1]	
thread localvec size: 1 
Process read: read locally. 
localvec has no variable. randomly select from rf_set. 
rf_set size is: 2. 

 current action type is  atomic write  . on thread 3, sequence number is : 11 , mo_type is : relaxed. 

 Process write action. Updates local vec in thread 3 - The size of localvec is 1.[location: 00000000004051F8,  seq_num: 9. value: 1]	
calling the get_next_thread. 

 current action type is  atomic read   . on thread 3, sequence number is : 12 , mo_type is : relaxed. 
Current instr. nums: 2. 
Change Priority Points:  [0]: 5  
 no external read job. - read local 
search on 4 threads. current is the 0th thread.
search on 4 threads. current is the 1th thread.
add 1 reads, meet the search bound. 
search on 4 threads. current is the 2th thread.
add 1 reads, meet the search bound. 
search on 4 threads. current is the 3th thread.
build_may_read_from, current history is: 1, rf_set size is : 2 
current read action location: 4215284, threadid : 3 
In process read: current localvec size is 1.
The size of localvec is 1.[location: 00000000004051F8,  seq_num: 9. value: 1]	
thread localvec size: 1 
Process read: read locally. 
localvec has no variable. randomly select from rf_set. 
rf_set size is: 2. 

 current action type is  atomic write  . on thread 3, sequence number is : 13 , mo_type is : relaxed. 

 Process write action. Updates local vec in thread 3 - The size of localvec is 1.[location: 00000000004051F8,  seq_num: 9. value: 1]	
calling the get_next_thread. 

 current action type is  atomic read   . on thread 3, sequence number is : 14 , mo_type is : relaxed. 
Current instr. nums: 3. 
Change Priority Points:  [0]: 5  
 no external read job. - read local 
search on 4 threads. current is the 0th thread.
search on 4 threads. current is the 1th thread.
add 1 reads, meet the search bound. 
search on 4 threads. current is the 2th thread.
add 1 reads, meet the search bound. 
search on 4 threads. current is the 3th thread.
build_may_read_from, current history is: 1, rf_set size is : 2 
current read action location: 4215284, threadid : 3 
In process read: current localvec size is 1.
The size of localvec is 1.[location: 00000000004051F8,  seq_num: 9. value: 1]	
thread localvec size: 1 
Process read: read locally. 
localvec has no variable. randomly select from rf_set. 
rf_set size is: 2. 

 current action type is  atomic write  . on thread 3, sequence number is : 15 , mo_type is : relaxed. 

 Process write action. Updates local vec in thread 3 - The size of localvec is 1.[location: 00000000004051F8,  seq_num: 9. value: 1]	
calling the get_next_thread. 

 current action type is  atomic read   . on thread 3, sequence number is : 16 , mo_type is : relaxed. 
Current instr. nums: 4. 
Change Priority Points:  [0]: 5  
 no external read job. - read local 
search on 4 threads. current is the 0th thread.
search on 4 threads. current is the 1th thread.
add 1 reads, meet the search bound. 
search on 4 threads. current is the 2th thread.
add 1 reads, meet the search bound. 
search on 4 threads. current is the 3th thread.
build_may_read_from, current history is: 1, rf_set size is : 2 
current read action location: 4215284, threadid : 3 
In process read: current localvec size is 1.
The size of localvec is 1.[location: 00000000004051F8,  seq_num: 9. value: 1]	
thread localvec size: 1 
Process read: read locally. 
localvec has no variable. randomly select from rf_set. 
rf_set size is: 2. 

 current action type is  atomic write  . on thread 3, sequence number is : 17 , mo_type is : relaxed. 

 Process write action. Updates local vec in thread 3 - The size of localvec is 1.[location: 00000000004051F8,  seq_num: 9. value: 1]	
calling the get_next_thread. 

 current action type is  atomic read   . on thread 3, sequence number is : 18 , mo_type is : relaxed. 
Current instr. nums: 5. 
Change Priority Points:  [0]: 5  
reach the 0 change point. Change priority of thread 3. 
high priority vector: [0] : 1[1] : 3[2] : 2
Low priority threads:  [0]: 0  
high priority vector: [0] : 1[1] : -1[2] : 2
Low priority threads:  [0]: 3  
change point. current 2 avail threads.thread: 2, thread: 3, 
currently highest prio thread - thread 2. 
external_readnum job each thread: thread : 0 does not need read externally. thread : 1 does not need read externally. thread : 2 does not need read externally. thread : 3 need read externally. 
Change Priority Points:  [0]: 5  
now we are at the 0 change point. 
now we reselect the highest prio thread. 
now change point: select the new highest thread.current 2 avail threads.thread: 2, thread: 3, 
return the highest thread: 2 

 current action type is  atomic read   . on thread 2, sequence number is : 19 , mo_type is : relaxed. 
Current instr. nums: 6. 
Change Priority Points:  [0]: 5  
 no external read job. - read local 
search on 4 threads. current is the 0th thread.
search on 4 threads. current is the 1th thread.
add 1 reads, meet the search bound. 
search on 4 threads. current is the 2th thread.
search on 4 threads. current is the 3th thread.
add 1 reads, meet the search bound. 
build_may_read_from, current history is: 1, rf_set size is : 2 
current read action location: 4215288, threadid : 2 
In process read: current localvec size is 1.
The size of localvec is 1.[location: 00000000004051F4,  seq_num: 8. value: 1]	
thread localvec size: 1 
Process read: read locally. 
localvec has no variable. randomly select from rf_set. 
rf_set size is: 2. 

 current action type is  atomic write  . on thread 2, sequence number is : 20 , mo_type is : relaxed. 

 Process write action. Updates local vec in thread 2 - The size of localvec is 1.[location: 00000000004051F4,  seq_num: 8. value: 1]	
calling the get_next_thread. 

 current action type is  atomic read   . on thread 2, sequence number is : 21 , mo_type is : relaxed. 
Current instr. nums: 7. 
Change Priority Points:  [0]: 5  
 no external read job. - read local 
search on 4 threads. current is the 0th thread.
search on 4 threads. current is the 1th thread.
add 1 reads, meet the search bound. 
search on 4 threads. current is the 2th thread.
search on 4 threads. current is the 3th thread.
add 1 reads, meet the search bound. 
build_may_read_from, current history is: 1, rf_set size is : 2 
current read action location: 4215288, threadid : 2 
In process read: current localvec size is 1.
The size of localvec is 1.[location: 00000000004051F4,  seq_num: 8. value: 1]	
thread localvec size: 1 
Process read: read locally. 
localvec has no variable. randomly select from rf_set. 
rf_set size is: 2. 

 current action type is  atomic write  . on thread 2, sequence number is : 22 , mo_type is : relaxed. 

 Process write action. Updates local vec in thread 2 - The size of localvec is 1.[location: 00000000004051F4,  seq_num: 8. value: 1]	
calling the get_next_thread. 

 current action type is  atomic read   . on thread 2, sequence number is : 23 , mo_type is : relaxed. 
Current instr. nums: 8. 
Change Priority Points:  [0]: 5  
 no external read job. - read local 
search on 4 threads. current is the 0th thread.
search on 4 threads. current is the 1th thread.
add 1 reads, meet the search bound. 
search on 4 threads. current is the 2th thread.
search on 4 threads. current is the 3th thread.
add 1 reads, meet the search bound. 
build_may_read_from, current history is: 1, rf_set size is : 2 
current read action location: 4215288, threadid : 2 
In process read: current localvec size is 1.
The size of localvec is 1.[location: 00000000004051F4,  seq_num: 8. value: 1]	
thread localvec size: 1 
Process read: read locally. 
localvec has no variable. randomly select from rf_set. 
rf_set size is: 2. 

 current action type is  atomic write  . on thread 2, sequence number is : 24 , mo_type is : relaxed. 

 Process write action. Updates local vec in thread 2 - The size of localvec is 1.[location: 00000000004051F4,  seq_num: 8. value: 1]	
calling the get_next_thread. 

 current action type is  atomic read   . on thread 2, sequence number is : 25 , mo_type is : relaxed. 
Current instr. nums: 9. 
Change Priority Points:  [0]: 5  
 no external read job. - read local 
search on 4 threads. current is the 0th thread.
search on 4 threads. current is the 1th thread.
add 1 reads, meet the search bound. 
search on 4 threads. current is the 2th thread.
search on 4 threads. current is the 3th thread.
add 1 reads, meet the search bound. 
build_may_read_from, current history is: 1, rf_set size is : 2 
current read action location: 4215288, threadid : 2 
In process read: current localvec size is 1.
The size of localvec is 1.[location: 00000000004051F4,  seq_num: 8. value: 1]	
thread localvec size: 1 
Process read: read locally. 
localvec has no variable. randomly select from rf_set. 
rf_set size is: 2. 
current read action location: 4215288, threadid : 2 
In process read: current localvec size is 1.
The size of localvec is 1.[location: 00000000004051F4,  seq_num: 8. value: 1]	
thread localvec size: 1 
Process read: read locally. 
localvec has no variable. randomly select from rf_set. 
rf_set size is: 1. 

 current action type is  atomic write  . on thread 2, sequence number is : 26 , mo_type is : relaxed. 

 Process write action. Updates local vec in thread 2 - The size of localvec is 1.[location: 00000000004051F4,  seq_num: 8. value: 1]	
calling the get_next_thread. 

 current action type is  atomic read   . on thread 2, sequence number is : 27 , mo_type is : relaxed. 
Current instr. nums: 10. 
Change Priority Points:  [0]: 5  
 no external read job. - read local 
search on 4 threads. current is the 0th thread.
search on 4 threads. current is the 1th thread.
add 1 reads, meet the search bound. 
search on 4 threads. current is the 2th thread.
search on 4 threads. current is the 3th thread.
add 1 reads, meet the search bound. 
build_may_read_from, current history is: 1, rf_set size is : 2 
current read action location: 4215288, threadid : 2 
In process read: current localvec size is 1.
The size of localvec is 1.[location: 00000000004051F4,  seq_num: 8. value: 1]	
thread localvec size: 1 
Process read: read locally. 
localvec has no variable. randomly select from rf_set. 
rf_set size is: 2. 

 current action type is  atomic write  . on thread 2, sequence number is : 28 , mo_type is : relaxed. 

 Process write action. Updates local vec in thread 2 - The size of localvec is 1.[location: 00000000004051F4,  seq_num: 8. value: 1]	
calling the get_next_thread. 

 current action type is  atomic read   . on thread 2, sequence number is : 29 , mo_type is : relaxed. 
Current instr. nums: 11. 
Change Priority Points:  [0]: 5  
 no external read job. - read local 
search on 4 threads. current is the 0th thread.
search on 4 threads. current is the 1th thread.
add 1 reads, meet the search bound. 
search on 4 threads. current is the 2th thread.
search on 4 threads. current is the 3th thread.
add 1 reads, meet the search bound. 
build_may_read_from, current history is: 1, rf_set size is : 2 
current read action location: 4215288, threadid : 2 
In process read: current localvec size is 1.
The size of localvec is 1.[location: 00000000004051F4,  seq_num: 8. value: 1]	
thread localvec size: 1 
Process read: read locally. 
localvec has no variable. randomly select from rf_set. 
rf_set size is: 2. 

 current action type is  atomic write  . on thread 2, sequence number is : 30 , mo_type is : relaxed. 

 Process write action. Updates local vec in thread 2 - The size of localvec is 1.[location: 00000000004051F4,  seq_num: 8. value: 1]	
calling the get_next_thread. 

 current action type is  atomic read   . on thread 2, sequence number is : 31 , mo_type is : relaxed. 
Current instr. nums: 12. 
Change Priority Points:  [0]: 5  
 no external read job. - read local 
search on 4 threads. current is the 0th thread.
search on 4 threads. current is the 1th thread.
add 1 reads, meet the search bound. 
search on 4 threads. current is the 2th thread.
search on 4 threads. current is the 3th thread.
add 1 reads, meet the search bound. 
build_may_read_from, current history is: 1, rf_set size is : 2 
current read action location: 4215288, threadid : 2 
In process read: current localvec size is 1.
The size of localvec is 1.[location: 00000000004051F4,  seq_num: 8. value: 1]	
thread localvec size: 1 
Process read: read locally. 
localvec has no variable. randomly select from rf_set. 
rf_set size is: 2. 

 current action type is  thread finish . on thread 2, sequence number is : 32 , mo_type is : seq_cst. 
calling the get_next_thread. 

 current action type is  pthread join  . on thread 1, sequence number is : 33 , mo_type is : seq_cst. 
calling the get_next_thread. 

 current action type is  atomic read   . on thread 3, sequence number is : 34 , mo_type is : relaxed. 
Current instr. nums: 13. 
Change Priority Points:  [0]: 5  
we meet a pending read again have read external job. - read external
search on 4 threads. current is the 0th thread.
search on 4 threads. current is the 1th thread.
add 1 reads, meet the search bound. 
search on 4 threads. current is the 2th thread.
add 1 reads, meet the search bound. 
search on 4 threads. current is the 3th thread.
build_may_read_from, current history is: 1, rf_set size is : 2 
current read action location: 4215284, threadid : 3 
In process read: current localvec size is 1.
The size of localvec is 1.[location: 00000000004051F8,  seq_num: 9. value: 1]	
Process read: read externally. 
external_readnum job each thread: thread : 0 does not need read externally. thread : 1 does not need read externally. thread : 2 does not need read externally. thread : 3 does not need read externally. 

 current action type is  atomic write  . on thread 3, sequence number is : 35 , mo_type is : relaxed. 

 Process write action. Updates local vec in thread 3 - The size of localvec is 2.[location: 00000000004051F8,  seq_num: 9. value: 1]	[location: 00000000004051F4,  seq_num: 2. value: 0]	
calling the get_next_thread. 

 current action type is  atomic read   . on thread 3, sequence number is : 36 , mo_type is : relaxed. 
Current instr. nums: 14. 
Change Priority Points:  [0]: 5  
 no external read job. - read local 
search on 4 threads. current is the 0th thread.
search on 4 threads. current is the 1th thread.
add 1 reads, meet the search bound. 
search on 4 threads. current is the 2th thread.
add 1 reads, meet the search bound. 
search on 4 threads. current is the 3th thread.
build_may_read_from, current history is: 1, rf_set size is : 2 
current read action location: 4215284, threadid : 3 
In process read: current localvec size is 2.
The size of localvec is 2.[location: 00000000004051F8,  seq_num: 9. value: 1]	[location: 00000000004051F4,  seq_num: 2. value: 0]	
thread localvec size: 2 
Process read: read locally. 
local vec has such write, seqnum:2 
localvec has such variable 

 current action type is  atomic write  . on thread 3, sequence number is : 37 , mo_type is : relaxed. 

 Process write action. Updates local vec in thread 3 - The size of localvec is 2.[location: 00000000004051F8,  seq_num: 9. value: 1]	[location: 00000000004051F4,  seq_num: 2. value: 0]	
calling the get_next_thread. 

 current action type is  atomic read   . on thread 3, sequence number is : 38 , mo_type is : relaxed. 
Current instr. nums: 15. 
Change Priority Points:  [0]: 5  
 no external read job. - read local 
search on 4 threads. current is the 0th thread.
search on 4 threads. current is the 1th thread.
add 1 reads, meet the search bound. 
search on 4 threads. current is the 2th thread.
add 1 reads, meet the search bound. 
search on 4 threads. current is the 3th thread.
build_may_read_from, current history is: 1, rf_set size is : 2 
current read action location: 4215284, threadid : 3 
In process read: current localvec size is 2.
The size of localvec is 2.[location: 00000000004051F8,  seq_num: 9. value: 1]	[location: 00000000004051F4,  seq_num: 2. value: 0]	
thread localvec size: 2 
Process read: read locally. 
local vec has such write, seqnum:2 
localvec has such variable 

 current action type is  thread finish . on thread 3, sequence number is : 39 , mo_type is : seq_cst. 
calling the get_next_thread. 

 current action type is  pthread join  . on thread 1, sequence number is : 40 , mo_type is : seq_cst. 
Program output from execution 1:
---- BEGIN PROGRAM OUTPUT ----
---- END PROGRAM OUTPUT   ----

Bug report: 1 bug detected
  [BUG] Program has hit assertion in file verify_runtime at line 0


******* Model-checking complete: *******
Number of complete, bug-free executions: 0
Number of buggy executions: 1
Total executions: 1

=================================================================
[PCTWM ASSERTION FAILED] Assertion failed: "!(a & b)"
Recorded Variable State:
  a = true
  b = true
=================================================================


--- Run #16 ---
C11Tester
Copyright (c) 2013 and 2019 Regents of the University of California. All rights reserved.
Distributed under the GPLv2
Written by Weiyu Luo, Brian Norris, and Brian Demsky

Print current params: 
-v[NUM], --verbose[=NUM]   Default: 0 Now: 0
-x, --maxexec=NUM           Maximum number of executions. Default: 10 Now: 1
-m, --minsize=NUM           Minimum number of actions to keep Default: 0 Now: 0
-f, --freqfree=NUM          Frequency to free actions Default:500000 Now: 500000
-l, --maxscheduler=NUM		 Scheduler length limitation Default:50 Now: 20
-b, --bugdepth=NUM			 bugdepth Default:5 Now: 1
-p, --version=NUM			 c11testerversion Default:0 Now: 1
-i, --maxinstr=NUM			 read num bounds: Default:30 Now: 43
-y, --history=NUM			 rf_set searcg bounds: Default:20 Now: 1
The limit of read nums is 215. 
using pct version now. 
Change Priority Points:  [0]: 5  

 current action type is  thread start  . on thread 1, sequence number is : 1 , mo_type is : seq_cst. 

 current action type is  atomic write  . on thread 1, sequence number is : 2 , mo_type is : relaxed. 

 Process write action. Updates local vec in thread 1 - The size of localvec is 1.[location: 00000000004051F4,  seq_num: 2. value: 0]	

 current action type is  atomic write  . on thread 1, sequence number is : 3 , mo_type is : relaxed. 

 Process write action. Updates local vec in thread 1 - The size of localvec is 2.[location: 00000000004051F4,  seq_num: 2. value: 0]	[location: 00000000004051F8,  seq_num: 3. value: 0]	

 current action type is  pthread create. on thread 1, sequence number is : 4 , mo_type is : seq_cst. 

 current action type is  thread start  . on thread 2, sequence number is : 5 , mo_type is : seq_cst. 

 current action type is  pthread create. on thread 1, sequence number is : 6 , mo_type is : seq_cst. 

 current action type is  thread start  . on thread 3, sequence number is : 7 , mo_type is : seq_cst. 

 current action type is  atomic write  . on thread 2, sequence number is : 8 , mo_type is : relaxed. 

 Process write action. Updates local vec in thread 2 - The size of localvec is 1.[location: 00000000004051F4,  seq_num: 8. value: 1]	

 current action type is  atomic write  . on thread 3, sequence number is : 9 , mo_type is : relaxed. 

 Process write action. Updates local vec in thread 3 - The size of localvec is 1.[location: 00000000004051F8,  seq_num: 9. value: 1]	
calling the get_next_thread. 

 current action type is  atomic read   . on thread 2, sequence number is : 10 , mo_type is : relaxed. 
Current instr. nums: 1. 
Change Priority Points:  [0]: 5  
 no external read job. - read local 
search on 4 threads. current is the 0th thread.
search on 4 threads. current is the 1th thread.
add 1 reads, meet the search bound. 
search on 4 threads. current is the 2th thread.
search on 4 threads. current is the 3th thread.
add 1 reads, meet the search bound. 
build_may_read_from, current history is: 1, rf_set size is : 2 
current read action location: 4215288, threadid : 2 
In process read: current localvec size is 1.
The size of localvec is 1.[location: 00000000004051F4,  seq_num: 8. value: 1]	
thread localvec size: 1 
Process read: read locally. 
localvec has no variable. randomly select from rf_set. 
rf_set size is: 2. 

 current action type is  atomic write  . on thread 2, sequence number is : 11 , mo_type is : relaxed. 

 Process write action. Updates local vec in thread 2 - The size of localvec is 1.[location: 00000000004051F4,  seq_num: 8. value: 1]	
calling the get_next_thread. 

 current action type is  atomic read   . on thread 2, sequence number is : 12 , mo_type is : relaxed. 
Current instr. nums: 2. 
Change Priority Points:  [0]: 5  
 no external read job. - read local 
search on 4 threads. current is the 0th thread.
search on 4 threads. current is the 1th thread.
add 1 reads, meet the search bound. 
search on 4 threads. current is the 2th thread.
search on 4 threads. current is the 3th thread.
add 1 reads, meet the search bound. 
build_may_read_from, current history is: 1, rf_set size is : 2 
current read action location: 4215288, threadid : 2 
In process read: current localvec size is 1.
The size of localvec is 1.[location: 00000000004051F4,  seq_num: 8. value: 1]	
thread localvec size: 1 
Process read: read locally. 
localvec has no variable. randomly select from rf_set. 
rf_set size is: 2. 

 current action type is  atomic write  . on thread 2, sequence number is : 13 , mo_type is : relaxed. 

 Process write action. Updates local vec in thread 2 - The size of localvec is 1.[location: 00000000004051F4,  seq_num: 8. value: 1]	
calling the get_next_thread. 

 current action type is  atomic read   . on thread 2, sequence number is : 14 , mo_type is : relaxed. 
Current instr. nums: 3. 
Change Priority Points:  [0]: 5  
 no external read job. - read local 
search on 4 threads. current is the 0th thread.
search on 4 threads. current is the 1th thread.
add 1 reads, meet the search bound. 
search on 4 threads. current is the 2th thread.
search on 4 threads. current is the 3th thread.
add 1 reads, meet the search bound. 
build_may_read_from, current history is: 1, rf_set size is : 2 
current read action location: 4215288, threadid : 2 
In process read: current localvec size is 1.
The size of localvec is 1.[location: 00000000004051F4,  seq_num: 8. value: 1]	
thread localvec size: 1 
Process read: read locally. 
localvec has no variable. randomly select from rf_set. 
rf_set size is: 2. 

 current action type is  atomic write  . on thread 2, sequence number is : 15 , mo_type is : relaxed. 

 Process write action. Updates local vec in thread 2 - The size of localvec is 1.[location: 00000000004051F4,  seq_num: 8. value: 1]	
calling the get_next_thread. 

 current action type is  atomic read   . on thread 2, sequence number is : 16 , mo_type is : relaxed. 
Current instr. nums: 4. 
Change Priority Points:  [0]: 5  
 no external read job. - read local 
search on 4 threads. current is the 0th thread.
search on 4 threads. current is the 1th thread.
add 1 reads, meet the search bound. 
search on 4 threads. current is the 2th thread.
search on 4 threads. current is the 3th thread.
add 1 reads, meet the search bound. 
build_may_read_from, current history is: 1, rf_set size is : 2 
current read action location: 4215288, threadid : 2 
In process read: current localvec size is 1.
The size of localvec is 1.[location: 00000000004051F4,  seq_num: 8. value: 1]	
thread localvec size: 1 
Process read: read locally. 
localvec has no variable. randomly select from rf_set. 
rf_set size is: 2. 

 current action type is  atomic write  . on thread 2, sequence number is : 17 , mo_type is : relaxed. 

 Process write action. Updates local vec in thread 2 - The size of localvec is 1.[location: 00000000004051F4,  seq_num: 8. value: 1]	
calling the get_next_thread. 

 current action type is  atomic read   . on thread 2, sequence number is : 18 , mo_type is : relaxed. 
Current instr. nums: 5. 
Change Priority Points:  [0]: 5  
reach the 0 change point. Change priority of thread 2. 
high priority vector: [0] : 1[1] : 2[2] : 3
Low priority threads:  [0]: 0  
high priority vector: [0] : 1[1] : -1[2] : 3
Low priority threads:  [0]: 2  
change point. current 2 avail threads.thread: 2, thread: 3, 
currently highest prio thread - thread 3. 
external_readnum job each thread: thread : 0 does not need read externally. thread : 1 does not need read externally. thread : 2 need read externally. 
Change Priority Points:  [0]: 5  
now we are at the 0 change point. 
now we reselect the highest prio thread. 
now change point: select the new highest thread.current 2 avail threads.thread: 2, thread: 3, 
return the highest thread: 3 

 current action type is  atomic read   . on thread 3, sequence number is : 19 , mo_type is : relaxed. 
Current instr. nums: 6. 
Change Priority Points:  [0]: 5  
 no external read job. - read local 
search on 4 threads. current is the 0th thread.
search on 4 threads. current is the 1th thread.
add 1 reads, meet the search bound. 
search on 4 threads. current is the 2th thread.
add 1 reads, meet the search bound. 
search on 4 threads. current is the 3th thread.
build_may_read_from, current history is: 1, rf_set size is : 2 
current read action location: 4215284, threadid : 3 
In process read: current localvec size is 1.
The size of localvec is 1.[location: 00000000004051F8,  seq_num: 9. value: 1]	
thread localvec size: 1 
Process read: read locally. 
localvec has no variable. randomly select from rf_set. 
rf_set size is: 2. 

 current action type is  atomic write  . on thread 3, sequence number is : 20 , mo_type is : relaxed. 

 Process write action. Updates local vec in thread 3 - The size of localvec is 1.[location: 00000000004051F8,  seq_num: 9. value: 1]	
calling the get_next_thread. 

 current action type is  atomic read   . on thread 3, sequence number is : 21 , mo_type is : relaxed. 
Current instr. nums: 7. 
Change Priority Points:  [0]: 5  
 no external read job. - read local 
search on 4 threads. current is the 0th thread.
search on 4 threads. current is the 1th thread.
add 1 reads, meet the search bound. 
search on 4 threads. current is the 2th thread.
add 1 reads, meet the search bound. 
search on 4 threads. current is the 3th thread.
build_may_read_from, current history is: 1, rf_set size is : 2 
current read action location: 4215284, threadid : 3 
In process read: current localvec size is 1.
The size of localvec is 1.[location: 00000000004051F8,  seq_num: 9. value: 1]	
thread localvec size: 1 
Process read: read locally. 
localvec has no variable. randomly select from rf_set. 
rf_set size is: 2. 
current read action location: 4215284, threadid : 3 
In process read: current localvec size is 1.
The size of localvec is 1.[location: 00000000004051F8,  seq_num: 9. value: 1]	
thread localvec size: 1 
Process read: read locally. 
localvec has no variable. randomly select from rf_set. 
rf_set size is: 1. 

 current action type is  atomic write  . on thread 3, sequence number is : 22 , mo_type is : relaxed. 

 Process write action. Updates local vec in thread 3 - The size of localvec is 1.[location: 00000000004051F8,  seq_num: 9. value: 1]	
calling the get_next_thread. 

 current action type is  atomic read   . on thread 3, sequence number is : 23 , mo_type is : relaxed. 
Current instr. nums: 8. 
Change Priority Points:  [0]: 5  
 no external read job. - read local 
search on 4 threads. current is the 0th thread.
search on 4 threads. current is the 1th thread.
add 1 reads, meet the search bound. 
search on 4 threads. current is the 2th thread.
add 1 reads, meet the search bound. 
search on 4 threads. current is the 3th thread.
build_may_read_from, current history is: 1, rf_set size is : 2 
current read action location: 4215284, threadid : 3 
In process read: current localvec size is 1.
The size of localvec is 1.[location: 00000000004051F8,  seq_num: 9. value: 1]	
thread localvec size: 1 
Process read: read locally. 
localvec has no variable. randomly select from rf_set. 
rf_set size is: 2. 

 current action type is  atomic write  . on thread 3, sequence number is : 24 , mo_type is : relaxed. 

 Process write action. Updates local vec in thread 3 - The size of localvec is 1.[location: 00000000004051F8,  seq_num: 9. value: 1]	
calling the get_next_thread. 

 current action type is  atomic read   . on thread 3, sequence number is : 25 , mo_type is : relaxed. 
Current instr. nums: 9. 
Change Priority Points:  [0]: 5  
 no external read job. - read local 
search on 4 threads. current is the 0th thread.
search on 4 threads. current is the 1th thread.
add 1 reads, meet the search bound. 
search on 4 threads. current is the 2th thread.
add 1 reads, meet the search bound. 
search on 4 threads. current is the 3th thread.
build_may_read_from, current history is: 1, rf_set size is : 2 
current read action location: 4215284, threadid : 3 
In process read: current localvec size is 1.
The size of localvec is 1.[location: 00000000004051F8,  seq_num: 9. value: 1]	
thread localvec size: 1 
Process read: read locally. 
localvec has no variable. randomly select from rf_set. 
rf_set size is: 2. 
current read action location: 4215284, threadid : 3 
In process read: current localvec size is 1.
The size of localvec is 1.[location: 00000000004051F8,  seq_num: 9. value: 1]	
thread localvec size: 1 
Process read: read locally. 
localvec has no variable. randomly select from rf_set. 
rf_set size is: 1. 

 current action type is  atomic write  . on thread 3, sequence number is : 26 , mo_type is : relaxed. 

 Process write action. Updates local vec in thread 3 - The size of localvec is 1.[location: 00000000004051F8,  seq_num: 9. value: 1]	
calling the get_next_thread. 

 current action type is  atomic read   . on thread 3, sequence number is : 27 , mo_type is : relaxed. 
Current instr. nums: 10. 
Change Priority Points:  [0]: 5  
 no external read job. - read local 
search on 4 threads. current is the 0th thread.
search on 4 threads. current is the 1th thread.
add 1 reads, meet the search bound. 
search on 4 threads. current is the 2th thread.
add 1 reads, meet the search bound. 
search on 4 threads. current is the 3th thread.
build_may_read_from, current history is: 1, rf_set size is : 2 
current read action location: 4215284, threadid : 3 
In process read: current localvec size is 1.
The size of localvec is 1.[location: 00000000004051F8,  seq_num: 9. value: 1]	
thread localvec size: 1 
Process read: read locally. 
localvec has no variable. randomly select from rf_set. 
rf_set size is: 2. 

 current action type is  atomic write  . on thread 3, sequence number is : 28 , mo_type is : relaxed. 

 Process write action. Updates local vec in thread 3 - The size of localvec is 1.[location: 00000000004051F8,  seq_num: 9. value: 1]	
calling the get_next_thread. 

 current action type is  atomic read   . on thread 3, sequence number is : 29 , mo_type is : relaxed. 
Current instr. nums: 11. 
Change Priority Points:  [0]: 5  
 no external read job. - read local 
search on 4 threads. current is the 0th thread.
search on 4 threads. current is the 1th thread.
add 1 reads, meet the search bound. 
search on 4 threads. current is the 2th thread.
add 1 reads, meet the search bound. 
search on 4 threads. current is the 3th thread.
build_may_read_from, current history is: 1, rf_set size is : 2 
current read action location: 4215284, threadid : 3 
In process read: current localvec size is 1.
The size of localvec is 1.[location: 00000000004051F8,  seq_num: 9. value: 1]	
thread localvec size: 1 
Process read: read locally. 
localvec has no variable. randomly select from rf_set. 
rf_set size is: 2. 
current read action location: 4215284, threadid : 3 
In process read: current localvec size is 1.
The size of localvec is 1.[location: 00000000004051F8,  seq_num: 9. value: 1]	
thread localvec size: 1 
Process read: read locally. 
localvec has no variable. randomly select from rf_set. 
rf_set size is: 1. 

 current action type is  atomic write  . on thread 3, sequence number is : 30 , mo_type is : relaxed. 

 Process write action. Updates local vec in thread 3 - The size of localvec is 1.[location: 00000000004051F8,  seq_num: 9. value: 1]	
calling the get_next_thread. 

 current action type is  atomic read   . on thread 3, sequence number is : 31 , mo_type is : relaxed. 
Current instr. nums: 12. 
Change Priority Points:  [0]: 5  
 no external read job. - read local 
search on 4 threads. current is the 0th thread.
search on 4 threads. current is the 1th thread.
add 1 reads, meet the search bound. 
search on 4 threads. current is the 2th thread.
add 1 reads, meet the search bound. 
search on 4 threads. current is the 3th thread.
build_may_read_from, current history is: 1, rf_set size is : 2 
current read action location: 4215284, threadid : 3 
In process read: current localvec size is 1.
The size of localvec is 1.[location: 00000000004051F8,  seq_num: 9. value: 1]	
thread localvec size: 1 
Process read: read locally. 
localvec has no variable. randomly select from rf_set. 
rf_set size is: 2. 
current read action location: 4215284, threadid : 3 
In process read: current localvec size is 1.
The size of localvec is 1.[location: 00000000004051F8,  seq_num: 9. value: 1]	
thread localvec size: 1 
Process read: read locally. 
localvec has no variable. randomly select from rf_set. 
rf_set size is: 1. 

 current action type is  thread finish . on thread 3, sequence number is : 32 , mo_type is : seq_cst. 
calling the get_next_thread. 

 current action type is  atomic read   . on thread 2, sequence number is : 33 , mo_type is : relaxed. 
Current instr. nums: 13. 
Change Priority Points:  [0]: 5  
we meet a pending read again have read external job. - read external
search on 4 threads. current is the 0th thread.
search on 4 threads. current is the 1th thread.
add 1 reads, meet the search bound. 
search on 4 threads. current is the 2th thread.
search on 4 threads. current is the 3th thread.
add 1 reads, meet the search bound. 
build_may_read_from, current history is: 1, rf_set size is : 2 
current read action location: 4215288, threadid : 2 
In process read: current localvec size is 1.
The size of localvec is 1.[location: 00000000004051F4,  seq_num: 8. value: 1]	
Process read: read externally. 
external_readnum job each thread: thread : 0 does not need read externally. thread : 1 does not need read externally. thread : 2 does not need read externally. thread : 3 does not need read externally. 

 current action type is  atomic write  . on thread 2, sequence number is : 34 , mo_type is : relaxed. 

 Process write action. Updates local vec in thread 2 - The size of localvec is 2.[location: 00000000004051F4,  seq_num: 8. value: 1]	[location: 00000000004051F8,  seq_num: 30. value: 1]	
calling the get_next_thread. 

 current action type is  atomic read   . on thread 2, sequence number is : 35 , mo_type is : relaxed. 
Current instr. nums: 14. 
Change Priority Points:  [0]: 5  
 no external read job. - read local 
search on 4 threads. current is the 0th thread.
search on 4 threads. current is the 1th thread.
add 1 reads, meet the search bound. 
search on 4 threads. current is the 2th thread.
search on 4 threads. current is the 3th thread.
add 1 reads, meet the search bound. 
build_may_read_from, current history is: 1, rf_set size is : 2 
current read action location: 4215288, threadid : 2 
In process read: current localvec size is 2.
The size of localvec is 2.[location: 00000000004051F4,  seq_num: 8. value: 1]	[location: 00000000004051F8,  seq_num: 30. value: 1]	
thread localvec size: 2 
Process read: read locally. 
local vec has such write, seqnum:30 
localvec has such variable 

 current action type is  atomic write  . on thread 2, sequence number is : 36 , mo_type is : relaxed. 

 Process write action. Updates local vec in thread 2 - The size of localvec is 2.[location: 00000000004051F4,  seq_num: 8. value: 1]	[location: 00000000004051F8,  seq_num: 30. value: 1]	
calling the get_next_thread. 

 current action type is  atomic read   . on thread 2, sequence number is : 37 , mo_type is : relaxed. 
Current instr. nums: 15. 
Change Priority Points:  [0]: 5  
 no external read job. - read local 
search on 4 threads. current is the 0th thread.
search on 4 threads. current is the 1th thread.
add 1 reads, meet the search bound. 
search on 4 threads. current is the 2th thread.
search on 4 threads. current is the 3th thread.
add 1 reads, meet the search bound. 
build_may_read_from, current history is: 1, rf_set size is : 2 
current read action location: 4215288, threadid : 2 
In process read: current localvec size is 2.
The size of localvec is 2.[location: 00000000004051F4,  seq_num: 8. value: 1]	[location: 00000000004051F8,  seq_num: 30. value: 1]	
thread localvec size: 2 
Process read: read locally. 
local vec has such write, seqnum:30 
localvec has such variable 

 current action type is  thread finish . on thread 2, sequence number is : 38 , mo_type is : seq_cst. 
calling the get_next_thread. 

 current action type is  pthread join  . on thread 1, sequence number is : 39 , mo_type is : seq_cst. 
calling the get_next_thread. 

 current action type is  pthread join  . on thread 1, sequence number is : 40 , mo_type is : seq_cst. 

 current action type is  thread finish . on thread 1, sequence number is : 41 , mo_type is : seq_cst. 
******* Model-checking complete: *******
Number of complete, bug-free executions: 1
Number of buggy executions: 0
Total executions: 1


--- Run #17 ---
C11Tester
Copyright (c) 2013 and 2019 Regents of the University of California. All rights reserved.
Distributed under the GPLv2
Written by Weiyu Luo, Brian Norris, and Brian Demsky

Print current params: 
-v[NUM], --verbose[=NUM]   Default: 0 Now: 0
-x, --maxexec=NUM           Maximum number of executions. Default: 10 Now: 1
-m, --minsize=NUM           Minimum number of actions to keep Default: 0 Now: 0
-f, --freqfree=NUM          Frequency to free actions Default:500000 Now: 500000
-l, --maxscheduler=NUM		 Scheduler length limitation Default:50 Now: 20
-b, --bugdepth=NUM			 bugdepth Default:5 Now: 1
-p, --version=NUM			 c11testerversion Default:0 Now: 1
-i, --maxinstr=NUM			 read num bounds: Default:30 Now: 43
-y, --history=NUM			 rf_set searcg bounds: Default:20 Now: 1
The limit of read nums is 215. 
using pct version now. 
Change Priority Points:  [0]: 5  

 current action type is  thread start  . on thread 1, sequence number is : 1 , mo_type is : seq_cst. 

 current action type is  atomic write  . on thread 1, sequence number is : 2 , mo_type is : relaxed. 

 Process write action. Updates local vec in thread 1 - The size of localvec is 1.[location: 00000000004051F4,  seq_num: 2. value: 0]	

 current action type is  atomic write  . on thread 1, sequence number is : 3 , mo_type is : relaxed. 

 Process write action. Updates local vec in thread 1 - The size of localvec is 2.[location: 00000000004051F4,  seq_num: 2. value: 0]	[location: 00000000004051F8,  seq_num: 3. value: 0]	

 current action type is  pthread create. on thread 1, sequence number is : 4 , mo_type is : seq_cst. 

 current action type is  thread start  . on thread 2, sequence number is : 5 , mo_type is : seq_cst. 

 current action type is  pthread create. on thread 1, sequence number is : 6 , mo_type is : seq_cst. 

 current action type is  thread start  . on thread 3, sequence number is : 7 , mo_type is : seq_cst. 

 current action type is  atomic write  . on thread 2, sequence number is : 8 , mo_type is : relaxed. 

 Process write action. Updates local vec in thread 2 - The size of localvec is 1.[location: 00000000004051F4,  seq_num: 8. value: 1]	

 current action type is  atomic write  . on thread 3, sequence number is : 9 , mo_type is : relaxed. 

 Process write action. Updates local vec in thread 3 - The size of localvec is 1.[location: 00000000004051F8,  seq_num: 9. value: 1]	
calling the get_next_thread. 

 current action type is  atomic read   . on thread 3, sequence number is : 10 , mo_type is : relaxed. 
Current instr. nums: 1. 
Change Priority Points:  [0]: 5  
 no external read job. - read local 
search on 4 threads. current is the 0th thread.
search on 4 threads. current is the 1th thread.
add 1 reads, meet the search bound. 
search on 4 threads. current is the 2th thread.
add 1 reads, meet the search bound. 
search on 4 threads. current is the 3th thread.
build_may_read_from, current history is: 1, rf_set size is : 2 
current read action location: 4215284, threadid : 3 
In process read: current localvec size is 1.
The size of localvec is 1.[location: 00000000004051F8,  seq_num: 9. value: 1]	
thread localvec size: 1 
Process read: read locally. 
localvec has no variable. randomly select from rf_set. 
rf_set size is: 2. 

 current action type is  atomic write  . on thread 3, sequence number is : 11 , mo_type is : relaxed. 

 Process write action. Updates local vec in thread 3 - The size of localvec is 1.[location: 00000000004051F8,  seq_num: 9. value: 1]	
calling the get_next_thread. 

 current action type is  atomic read   . on thread 3, sequence number is : 12 , mo_type is : relaxed. 
Current instr. nums: 2. 
Change Priority Points:  [0]: 5  
 no external read job. - read local 
search on 4 threads. current is the 0th thread.
search on 4 threads. current is the 1th thread.
add 1 reads, meet the search bound. 
search on 4 threads. current is the 2th thread.
add 1 reads, meet the search bound. 
search on 4 threads. current is the 3th thread.
build_may_read_from, current history is: 1, rf_set size is : 2 
current read action location: 4215284, threadid : 3 
In process read: current localvec size is 1.
The size of localvec is 1.[location: 00000000004051F8,  seq_num: 9. value: 1]	
thread localvec size: 1 
Process read: read locally. 
localvec has no variable. randomly select from rf_set. 
rf_set size is: 2. 
current read action location: 4215284, threadid : 3 
In process read: current localvec size is 1.
The size of localvec is 1.[location: 00000000004051F8,  seq_num: 9. value: 1]	
thread localvec size: 1 
Process read: read locally. 
localvec has no variable. randomly select from rf_set. 
rf_set size is: 1. 

 current action type is  atomic write  . on thread 3, sequence number is : 13 , mo_type is : relaxed. 

 Process write action. Updates local vec in thread 3 - The size of localvec is 1.[location: 00000000004051F8,  seq_num: 9. value: 1]	
calling the get_next_thread. 

 current action type is  atomic read   . on thread 3, sequence number is : 14 , mo_type is : relaxed. 
Current instr. nums: 3. 
Change Priority Points:  [0]: 5  
 no external read job. - read local 
search on 4 threads. current is the 0th thread.
search on 4 threads. current is the 1th thread.
add 1 reads, meet the search bound. 
search on 4 threads. current is the 2th thread.
add 1 reads, meet the search bound. 
search on 4 threads. current is the 3th thread.
build_may_read_from, current history is: 1, rf_set size is : 2 
current read action location: 4215284, threadid : 3 
In process read: current localvec size is 1.
The size of localvec is 1.[location: 00000000004051F8,  seq_num: 9. value: 1]	
thread localvec size: 1 
Process read: read locally. 
localvec has no variable. randomly select from rf_set. 
rf_set size is: 2. 

 current action type is  atomic write  . on thread 3, sequence number is : 15 , mo_type is : relaxed. 

 Process write action. Updates local vec in thread 3 - The size of localvec is 1.[location: 00000000004051F8,  seq_num: 9. value: 1]	
calling the get_next_thread. 

 current action type is  atomic read   . on thread 3, sequence number is : 16 , mo_type is : relaxed. 
Current instr. nums: 4. 
Change Priority Points:  [0]: 5  
 no external read job. - read local 
search on 4 threads. current is the 0th thread.
search on 4 threads. current is the 1th thread.
add 1 reads, meet the search bound. 
search on 4 threads. current is the 2th thread.
add 1 reads, meet the search bound. 
search on 4 threads. current is the 3th thread.
build_may_read_from, current history is: 1, rf_set size is : 2 
current read action location: 4215284, threadid : 3 
In process read: current localvec size is 1.
The size of localvec is 1.[location: 00000000004051F8,  seq_num: 9. value: 1]	
thread localvec size: 1 
Process read: read locally. 
localvec has no variable. randomly select from rf_set. 
rf_set size is: 2. 
current read action location: 4215284, threadid : 3 
In process read: current localvec size is 1.
The size of localvec is 1.[location: 00000000004051F8,  seq_num: 9. value: 1]	
thread localvec size: 1 
Process read: read locally. 
localvec has no variable. randomly select from rf_set. 
rf_set size is: 1. 

 current action type is  atomic write  . on thread 3, sequence number is : 17 , mo_type is : relaxed. 

 Process write action. Updates local vec in thread 3 - The size of localvec is 1.[location: 00000000004051F8,  seq_num: 9. value: 1]	
calling the get_next_thread. 

 current action type is  atomic read   . on thread 3, sequence number is : 18 , mo_type is : relaxed. 
Current instr. nums: 5. 
Change Priority Points:  [0]: 5  
reach the 0 change point. Change priority of thread 3. 
high priority vector: [0] : 3[1] : 1[2] : 2
Low priority threads:  [0]: 0  
high priority vector: [0] : -1[1] : 1[2] : 2
Low priority threads:  [0]: 3  
change point. current 2 avail threads.thread: 2, thread: 3, 
currently highest prio thread - thread 2. 
external_readnum job each thread: thread : 0 does not need read externally. thread : 1 does not need read externally. thread : 2 does not need read externally. thread : 3 need read externally. 
Change Priority Points:  [0]: 5  
now we are at the 0 change point. 
now we reselect the highest prio thread. 
now change point: select the new highest thread.current 2 avail threads.thread: 2, thread: 3, 
return the highest thread: 2 

 current action type is  atomic read   . on thread 2, sequence number is : 19 , mo_type is : relaxed. 
Current instr. nums: 6. 
Change Priority Points:  [0]: 5  
 no external read job. - read local 
search on 4 threads. current is the 0th thread.
search on 4 threads. current is the 1th thread.
add 1 reads, meet the search bound. 
search on 4 threads. current is the 2th thread.
search on 4 threads. current is the 3th thread.
add 1 reads, meet the search bound. 
build_may_read_from, current history is: 1, rf_set size is : 2 
current read action location: 4215288, threadid : 2 
In process read: current localvec size is 1.
The size of localvec is 1.[location: 00000000004051F4,  seq_num: 8. value: 1]	
thread localvec size: 1 
Process read: read locally. 
localvec has no variable. randomly select from rf_set. 
rf_set size is: 2. 

 current action type is  atomic write  . on thread 2, sequence number is : 20 , mo_type is : relaxed. 

 Process write action. Updates local vec in thread 2 - The size of localvec is 1.[location: 00000000004051F4,  seq_num: 8. value: 1]	
calling the get_next_thread. 

 current action type is  atomic read   . on thread 2, sequence number is : 21 , mo_type is : relaxed. 
Current instr. nums: 7. 
Change Priority Points:  [0]: 5  
 no external read job. - read local 
search on 4 threads. current is the 0th thread.
search on 4 threads. current is the 1th thread.
add 1 reads, meet the search bound. 
search on 4 threads. current is the 2th thread.
search on 4 threads. current is the 3th thread.
add 1 reads, meet the search bound. 
build_may_read_from, current history is: 1, rf_set size is : 2 
current read action location: 4215288, threadid : 2 
In process read: current localvec size is 1.
The size of localvec is 1.[location: 00000000004051F4,  seq_num: 8. value: 1]	
thread localvec size: 1 
Process read: read locally. 
localvec has no variable. randomly select from rf_set. 
rf_set size is: 2. 

 current action type is  atomic write  . on thread 2, sequence number is : 22 , mo_type is : relaxed. 

 Process write action. Updates local vec in thread 2 - The size of localvec is 1.[location: 00000000004051F4,  seq_num: 8. value: 1]	
calling the get_next_thread. 

 current action type is  atomic read   . on thread 2, sequence number is : 23 , mo_type is : relaxed. 
Current instr. nums: 8. 
Change Priority Points:  [0]: 5  
 no external read job. - read local 
search on 4 threads. current is the 0th thread.
search on 4 threads. current is the 1th thread.
add 1 reads, meet the search bound. 
search on 4 threads. current is the 2th thread.
search on 4 threads. current is the 3th thread.
add 1 reads, meet the search bound. 
build_may_read_from, current history is: 1, rf_set size is : 2 
current read action location: 4215288, threadid : 2 
In process read: current localvec size is 1.
The size of localvec is 1.[location: 00000000004051F4,  seq_num: 8. value: 1]	
thread localvec size: 1 
Process read: read locally. 
localvec has no variable. randomly select from rf_set. 
rf_set size is: 2. 

 current action type is  atomic write  . on thread 2, sequence number is : 24 , mo_type is : relaxed. 

 Process write action. Updates local vec in thread 2 - The size of localvec is 1.[location: 00000000004051F4,  seq_num: 8. value: 1]	
calling the get_next_thread. 

 current action type is  atomic read   . on thread 2, sequence number is : 25 , mo_type is : relaxed. 
Current instr. nums: 9. 
Change Priority Points:  [0]: 5  
 no external read job. - read local 
search on 4 threads. current is the 0th thread.
search on 4 threads. current is the 1th thread.
add 1 reads, meet the search bound. 
search on 4 threads. current is the 2th thread.
search on 4 threads. current is the 3th thread.
add 1 reads, meet the search bound. 
build_may_read_from, current history is: 1, rf_set size is : 2 
current read action location: 4215288, threadid : 2 
In process read: current localvec size is 1.
The size of localvec is 1.[location: 00000000004051F4,  seq_num: 8. value: 1]	
thread localvec size: 1 
Process read: read locally. 
localvec has no variable. randomly select from rf_set. 
rf_set size is: 2. 
current read action location: 4215288, threadid : 2 
In process read: current localvec size is 1.
The size of localvec is 1.[location: 00000000004051F4,  seq_num: 8. value: 1]	
thread localvec size: 1 
Process read: read locally. 
localvec has no variable. randomly select from rf_set. 
rf_set size is: 1. 

 current action type is  atomic write  . on thread 2, sequence number is : 26 , mo_type is : relaxed. 

 Process write action. Updates local vec in thread 2 - The size of localvec is 1.[location: 00000000004051F4,  seq_num: 8. value: 1]	
calling the get_next_thread. 

 current action type is  atomic read   . on thread 2, sequence number is : 27 , mo_type is : relaxed. 
Current instr. nums: 10. 
Change Priority Points:  [0]: 5  
 no external read job. - read local 
search on 4 threads. current is the 0th thread.
search on 4 threads. current is the 1th thread.
add 1 reads, meet the search bound. 
search on 4 threads. current is the 2th thread.
search on 4 threads. current is the 3th thread.
add 1 reads, meet the search bound. 
build_may_read_from, current history is: 1, rf_set size is : 2 
current read action location: 4215288, threadid : 2 
In process read: current localvec size is 1.
The size of localvec is 1.[location: 00000000004051F4,  seq_num: 8. value: 1]	
thread localvec size: 1 
Process read: read locally. 
localvec has no variable. randomly select from rf_set. 
rf_set size is: 2. 
current read action location: 4215288, threadid : 2 
In process read: current localvec size is 1.
The size of localvec is 1.[location: 00000000004051F4,  seq_num: 8. value: 1]	
thread localvec size: 1 
Process read: read locally. 
localvec has no variable. randomly select from rf_set. 
rf_set size is: 1. 

 current action type is  atomic write  . on thread 2, sequence number is : 28 , mo_type is : relaxed. 

 Process write action. Updates local vec in thread 2 - The size of localvec is 1.[location: 00000000004051F4,  seq_num: 8. value: 1]	
calling the get_next_thread. 

 current action type is  atomic read   . on thread 2, sequence number is : 29 , mo_type is : relaxed. 
Current instr. nums: 11. 
Change Priority Points:  [0]: 5  
 no external read job. - read local 
search on 4 threads. current is the 0th thread.
search on 4 threads. current is the 1th thread.
add 1 reads, meet the search bound. 
search on 4 threads. current is the 2th thread.
search on 4 threads. current is the 3th thread.
add 1 reads, meet the search bound. 
build_may_read_from, current history is: 1, rf_set size is : 2 
current read action location: 4215288, threadid : 2 
In process read: current localvec size is 1.
The size of localvec is 1.[location: 00000000004051F4,  seq_num: 8. value: 1]	
thread localvec size: 1 
Process read: read locally. 
localvec has no variable. randomly select from rf_set. 
rf_set size is: 2. 

 current action type is  atomic write  . on thread 2, sequence number is : 30 , mo_type is : relaxed. 

 Process write action. Updates local vec in thread 2 - The size of localvec is 1.[location: 00000000004051F4,  seq_num: 8. value: 1]	
calling the get_next_thread. 

 current action type is  atomic read   . on thread 2, sequence number is : 31 , mo_type is : relaxed. 
Current instr. nums: 12. 
Change Priority Points:  [0]: 5  
 no external read job. - read local 
search on 4 threads. current is the 0th thread.
search on 4 threads. current is the 1th thread.
add 1 reads, meet the search bound. 
search on 4 threads. current is the 2th thread.
search on 4 threads. current is the 3th thread.
add 1 reads, meet the search bound. 
build_may_read_from, current history is: 1, rf_set size is : 2 
current read action location: 4215288, threadid : 2 
In process read: current localvec size is 1.
The size of localvec is 1.[location: 00000000004051F4,  seq_num: 8. value: 1]	
thread localvec size: 1 
Process read: read locally. 
localvec has no variable. randomly select from rf_set. 
rf_set size is: 2. 

 current action type is  thread finish . on thread 2, sequence number is : 32 , mo_type is : seq_cst. 
calling the get_next_thread. 

 current action type is  pthread join  . on thread 1, sequence number is : 33 , mo_type is : seq_cst. 
calling the get_next_thread. 

 current action type is  atomic read   . on thread 3, sequence number is : 34 , mo_type is : relaxed. 
Current instr. nums: 13. 
Change Priority Points:  [0]: 5  
we meet a pending read again have read external job. - read external
search on 4 threads. current is the 0th thread.
search on 4 threads. current is the 1th thread.
add 1 reads, meet the search bound. 
search on 4 threads. current is the 2th thread.
add 1 reads, meet the search bound. 
search on 4 threads. current is the 3th thread.
build_may_read_from, current history is: 1, rf_set size is : 2 
current read action location: 4215284, threadid : 3 
In process read: current localvec size is 1.
The size of localvec is 1.[location: 00000000004051F8,  seq_num: 9. value: 1]	
Process read: read externally. 
current read action location: 4215284, threadid : 3 
In process read: current localvec size is 2.
The size of localvec is 2.[location: 00000000004051F8,  seq_num: 9. value: 1]	[location: 00000000004051F4,  seq_num: 2. value: 0]	
Process read: read externally. 
external_readnum job each thread: thread : 0 does not need read externally. thread : 1 does not need read externally. thread : 2 does not need read externally. thread : 3 does not need read externally. 

 current action type is  atomic write  . on thread 3, sequence number is : 35 , mo_type is : relaxed. 

 Process write action. Updates local vec in thread 3 - The size of localvec is 2.[location: 00000000004051F8,  seq_num: 9. value: 1]	[location: 00000000004051F4,  seq_num: 2. value: 0]	
calling the get_next_thread. 

 current action type is  atomic read   . on thread 3, sequence number is : 36 , mo_type is : relaxed. 
Current instr. nums: 14. 
Change Priority Points:  [0]: 5  
 no external read job. - read local 
search on 4 threads. current is the 0th thread.
search on 4 threads. current is the 1th thread.
add 1 reads, meet the search bound. 
search on 4 threads. current is the 2th thread.
add 1 reads, meet the search bound. 
search on 4 threads. current is the 3th thread.
build_may_read_from, current history is: 1, rf_set size is : 2 
current read action location: 4215284, threadid : 3 
In process read: current localvec size is 2.
The size of localvec is 2.[location: 00000000004051F8,  seq_num: 9. value: 1]	[location: 00000000004051F4,  seq_num: 2. value: 0]	
thread localvec size: 2 
Process read: read locally. 
local vec has such write, seqnum:2 
localvec has such variable 
current read action location: 4215284, threadid : 3 
In process read: current localvec size is 2.
The size of localvec is 2.[location: 00000000004051F8,  seq_num: 9. value: 1]	[location: 00000000004051F4,  seq_num: 2. value: 0]	
thread localvec size: 2 
Process read: read locally. 
local vec has such write, seqnum:2 
localvec has one variable. but not in the rf_set 
rf_set size is: 1. 

 current action type is  atomic write  . on thread 3, sequence number is : 37 , mo_type is : relaxed. 

 Process write action. Updates local vec in thread 3 - The size of localvec is 2.[location: 00000000004051F8,  seq_num: 9. value: 1]	[location: 00000000004051F4,  seq_num: 2. value: 0]	
calling the get_next_thread. 

 current action type is  atomic read   . on thread 3, sequence number is : 38 , mo_type is : relaxed. 
Current instr. nums: 15. 
Change Priority Points:  [0]: 5  
 no external read job. - read local 
search on 4 threads. current is the 0th thread.
search on 4 threads. current is the 1th thread.
add 1 reads, meet the search bound. 
search on 4 threads. current is the 2th thread.
add 1 reads, meet the search bound. 
search on 4 threads. current is the 3th thread.
build_may_read_from, current history is: 1, rf_set size is : 2 
current read action location: 4215284, threadid : 3 
In process read: current localvec size is 2.
The size of localvec is 2.[location: 00000000004051F8,  seq_num: 9. value: 1]	[location: 00000000004051F4,  seq_num: 2. value: 0]	
thread localvec size: 2 
Process read: read locally. 
local vec has such write, seqnum:2 
localvec has such variable 
current read action location: 4215284, threadid : 3 
In process read: current localvec size is 2.
The size of localvec is 2.[location: 00000000004051F8,  seq_num: 9. value: 1]	[location: 00000000004051F4,  seq_num: 2. value: 0]	
thread localvec size: 2 
Process read: read locally. 
local vec has such write, seqnum:2 
localvec has one variable. but not in the rf_set 
rf_set size is: 1. 

 current action type is  thread finish . on thread 3, sequence number is : 39 , mo_type is : seq_cst. 
calling the get_next_thread. 

 current action type is  pthread join  . on thread 1, sequence number is : 40 , mo_type is : seq_cst. 

 current action type is  thread finish . on thread 1, sequence number is : 41 , mo_type is : seq_cst. 
******* Model-checking complete: *******
Number of complete, bug-free executions: 1
Number of buggy executions: 0
Total executions: 1


--- Run #18 ---
C11Tester
Copyright (c) 2013 and 2019 Regents of the University of California. All rights reserved.
Distributed under the GPLv2
Written by Weiyu Luo, Brian Norris, and Brian Demsky

Print current params: 
-v[NUM], --verbose[=NUM]   Default: 0 Now: 0
-x, --maxexec=NUM           Maximum number of executions. Default: 10 Now: 1
-m, --minsize=NUM           Minimum number of actions to keep Default: 0 Now: 0
-f, --freqfree=NUM          Frequency to free actions Default:500000 Now: 500000
-l, --maxscheduler=NUM		 Scheduler length limitation Default:50 Now: 20
-b, --bugdepth=NUM			 bugdepth Default:5 Now: 1
-p, --version=NUM			 c11testerversion Default:0 Now: 1
-i, --maxinstr=NUM			 read num bounds: Default:30 Now: 43
-y, --history=NUM			 rf_set searcg bounds: Default:20 Now: 1
The limit of read nums is 215. 
using pct version now. 
Change Priority Points:  [0]: 5  

 current action type is  thread start  . on thread 1, sequence number is : 1 , mo_type is : seq_cst. 

 current action type is  atomic write  . on thread 1, sequence number is : 2 , mo_type is : relaxed. 

 Process write action. Updates local vec in thread 1 - The size of localvec is 1.[location: 00000000004051F4,  seq_num: 2. value: 0]	

 current action type is  atomic write  . on thread 1, sequence number is : 3 , mo_type is : relaxed. 

 Process write action. Updates local vec in thread 1 - The size of localvec is 2.[location: 00000000004051F4,  seq_num: 2. value: 0]	[location: 00000000004051F8,  seq_num: 3. value: 0]	

 current action type is  pthread create. on thread 1, sequence number is : 4 , mo_type is : seq_cst. 

 current action type is  thread start  . on thread 2, sequence number is : 5 , mo_type is : seq_cst. 

 current action type is  pthread create. on thread 1, sequence number is : 6 , mo_type is : seq_cst. 

 current action type is  thread start  . on thread 3, sequence number is : 7 , mo_type is : seq_cst. 

 current action type is  atomic write  . on thread 2, sequence number is : 8 , mo_type is : relaxed. 

 Process write action. Updates local vec in thread 2 - The size of localvec is 1.[location: 00000000004051F4,  seq_num: 8. value: 1]	

 current action type is  atomic write  . on thread 3, sequence number is : 9 , mo_type is : relaxed. 

 Process write action. Updates local vec in thread 3 - The size of localvec is 1.[location: 00000000004051F8,  seq_num: 9. value: 1]	
calling the get_next_thread. 

 current action type is  atomic read   . on thread 2, sequence number is : 10 , mo_type is : relaxed. 
Current instr. nums: 1. 
Change Priority Points:  [0]: 5  
 no external read job. - read local 
search on 4 threads. current is the 0th thread.
search on 4 threads. current is the 1th thread.
add 1 reads, meet the search bound. 
search on 4 threads. current is the 2th thread.
search on 4 threads. current is the 3th thread.
add 1 reads, meet the search bound. 
build_may_read_from, current history is: 1, rf_set size is : 2 
current read action location: 4215288, threadid : 2 
In process read: current localvec size is 1.
The size of localvec is 1.[location: 00000000004051F4,  seq_num: 8. value: 1]	
thread localvec size: 1 
Process read: read locally. 
localvec has no variable. randomly select from rf_set. 
rf_set size is: 2. 

 current action type is  atomic write  . on thread 2, sequence number is : 11 , mo_type is : relaxed. 

 Process write action. Updates local vec in thread 2 - The size of localvec is 1.[location: 00000000004051F4,  seq_num: 8. value: 1]	
calling the get_next_thread. 

 current action type is  atomic read   . on thread 2, sequence number is : 12 , mo_type is : relaxed. 
Current instr. nums: 2. 
Change Priority Points:  [0]: 5  
 no external read job. - read local 
search on 4 threads. current is the 0th thread.
search on 4 threads. current is the 1th thread.
add 1 reads, meet the search bound. 
search on 4 threads. current is the 2th thread.
search on 4 threads. current is the 3th thread.
add 1 reads, meet the search bound. 
build_may_read_from, current history is: 1, rf_set size is : 2 
current read action location: 4215288, threadid : 2 
In process read: current localvec size is 1.
The size of localvec is 1.[location: 00000000004051F4,  seq_num: 8. value: 1]	
thread localvec size: 1 
Process read: read locally. 
localvec has no variable. randomly select from rf_set. 
rf_set size is: 2. 

 current action type is  atomic write  . on thread 2, sequence number is : 13 , mo_type is : relaxed. 

 Process write action. Updates local vec in thread 2 - The size of localvec is 1.[location: 00000000004051F4,  seq_num: 8. value: 1]	
calling the get_next_thread. 

 current action type is  atomic read   . on thread 2, sequence number is : 14 , mo_type is : relaxed. 
Current instr. nums: 3. 
Change Priority Points:  [0]: 5  
 no external read job. - read local 
search on 4 threads. current is the 0th thread.
search on 4 threads. current is the 1th thread.
add 1 reads, meet the search bound. 
search on 4 threads. current is the 2th thread.
search on 4 threads. current is the 3th thread.
add 1 reads, meet the search bound. 
build_may_read_from, current history is: 1, rf_set size is : 2 
current read action location: 4215288, threadid : 2 
In process read: current localvec size is 1.
The size of localvec is 1.[location: 00000000004051F4,  seq_num: 8. value: 1]	
thread localvec size: 1 
Process read: read locally. 
localvec has no variable. randomly select from rf_set. 
rf_set size is: 2. 
current read action location: 4215288, threadid : 2 
In process read: current localvec size is 1.
The size of localvec is 1.[location: 00000000004051F4,  seq_num: 8. value: 1]	
thread localvec size: 1 
Process read: read locally. 
localvec has no variable. randomly select from rf_set. 
rf_set size is: 1. 

 current action type is  atomic write  . on thread 2, sequence number is : 15 , mo_type is : relaxed. 

 Process write action. Updates local vec in thread 2 - The size of localvec is 1.[location: 00000000004051F4,  seq_num: 8. value: 1]	
calling the get_next_thread. 

 current action type is  atomic read   . on thread 2, sequence number is : 16 , mo_type is : relaxed. 
Current instr. nums: 4. 
Change Priority Points:  [0]: 5  
 no external read job. - read local 
search on 4 threads. current is the 0th thread.
search on 4 threads. current is the 1th thread.
add 1 reads, meet the search bound. 
search on 4 threads. current is the 2th thread.
search on 4 threads. current is the 3th thread.
add 1 reads, meet the search bound. 
build_may_read_from, current history is: 1, rf_set size is : 2 
current read action location: 4215288, threadid : 2 
In process read: current localvec size is 1.
The size of localvec is 1.[location: 00000000004051F4,  seq_num: 8. value: 1]	
thread localvec size: 1 
Process read: read locally. 
localvec has no variable. randomly select from rf_set. 
rf_set size is: 2. 

 current action type is  atomic write  . on thread 2, sequence number is : 17 , mo_type is : relaxed. 

 Process write action. Updates local vec in thread 2 - The size of localvec is 1.[location: 00000000004051F4,  seq_num: 8. value: 1]	
calling the get_next_thread. 

 current action type is  atomic read   . on thread 2, sequence number is : 18 , mo_type is : relaxed. 
Current instr. nums: 5. 
Change Priority Points:  [0]: 5  
reach the 0 change point. Change priority of thread 2. 
high priority vector: [0] : 2[1] : 1[2] : 3
Low priority threads:  [0]: 0  
high priority vector: [0] : -1[1] : 1[2] : 3
Low priority threads:  [0]: 2  
change point. current 2 avail threads.thread: 2, thread: 3, 
currently highest prio thread - thread 3. 
external_readnum job each thread: thread : 0 does not need read externally. thread : 1 does not need read externally. thread : 2 need read externally. 
Change Priority Points:  [0]: 5  
now we are at the 0 change point. 
now we reselect the highest prio thread. 
now change point: select the new highest thread.current 2 avail threads.thread: 2, thread: 3, 
return the highest thread: 3 

 current action type is  atomic read   . on thread 3, sequence number is : 19 , mo_type is : relaxed. 
Current instr. nums: 6. 
Change Priority Points:  [0]: 5  
 no external read job. - read local 
search on 4 threads. current is the 0th thread.
search on 4 threads. current is the 1th thread.
add 1 reads, meet the search bound. 
search on 4 threads. current is the 2th thread.
add 1 reads, meet the search bound. 
search on 4 threads. current is the 3th thread.
build_may_read_from, current history is: 1, rf_set size is : 2 
current read action location: 4215284, threadid : 3 
In process read: current localvec size is 1.
The size of localvec is 1.[location: 00000000004051F8,  seq_num: 9. value: 1]	
thread localvec size: 1 
Process read: read locally. 
localvec has no variable. randomly select from rf_set. 
rf_set size is: 2. 

 current action type is  atomic write  . on thread 3, sequence number is : 20 , mo_type is : relaxed. 

 Process write action. Updates local vec in thread 3 - The size of localvec is 1.[location: 00000000004051F8,  seq_num: 9. value: 1]	
calling the get_next_thread. 

 current action type is  atomic read   . on thread 3, sequence number is : 21 , mo_type is : relaxed. 
Current instr. nums: 7. 
Change Priority Points:  [0]: 5  
 no external read job. - read local 
search on 4 threads. current is the 0th thread.
search on 4 threads. current is the 1th thread.
add 1 reads, meet the search bound. 
search on 4 threads. current is the 2th thread.
add 1 reads, meet the search bound. 
search on 4 threads. current is the 3th thread.
build_may_read_from, current history is: 1, rf_set size is : 2 
current read action location: 4215284, threadid : 3 
In process read: current localvec size is 1.
The size of localvec is 1.[location: 00000000004051F8,  seq_num: 9. value: 1]	
thread localvec size: 1 
Process read: read locally. 
localvec has no variable. randomly select from rf_set. 
rf_set size is: 2. 
current read action location: 4215284, threadid : 3 
In process read: current localvec size is 1.
The size of localvec is 1.[location: 00000000004051F8,  seq_num: 9. value: 1]	
thread localvec size: 1 
Process read: read locally. 
localvec has no variable. randomly select from rf_set. 
rf_set size is: 1. 

 current action type is  atomic write  . on thread 3, sequence number is : 22 , mo_type is : relaxed. 

 Process write action. Updates local vec in thread 3 - The size of localvec is 1.[location: 00000000004051F8,  seq_num: 9. value: 1]	
calling the get_next_thread. 

 current action type is  atomic read   . on thread 3, sequence number is : 23 , mo_type is : relaxed. 
Current instr. nums: 8. 
Change Priority Points:  [0]: 5  
 no external read job. - read local 
search on 4 threads. current is the 0th thread.
search on 4 threads. current is the 1th thread.
add 1 reads, meet the search bound. 
search on 4 threads. current is the 2th thread.
add 1 reads, meet the search bound. 
search on 4 threads. current is the 3th thread.
build_may_read_from, current history is: 1, rf_set size is : 2 
current read action location: 4215284, threadid : 3 
In process read: current localvec size is 1.
The size of localvec is 1.[location: 00000000004051F8,  seq_num: 9. value: 1]	
thread localvec size: 1 
Process read: read locally. 
localvec has no variable. randomly select from rf_set. 
rf_set size is: 2. 

 current action type is  atomic write  . on thread 3, sequence number is : 24 , mo_type is : relaxed. 

 Process write action. Updates local vec in thread 3 - The size of localvec is 1.[location: 00000000004051F8,  seq_num: 9. value: 1]	
calling the get_next_thread. 

 current action type is  atomic read   . on thread 3, sequence number is : 25 , mo_type is : relaxed. 
Current instr. nums: 9. 
Change Priority Points:  [0]: 5  
 no external read job. - read local 
search on 4 threads. current is the 0th thread.
search on 4 threads. current is the 1th thread.
add 1 reads, meet the search bound. 
search on 4 threads. current is the 2th thread.
add 1 reads, meet the search bound. 
search on 4 threads. current is the 3th thread.
build_may_read_from, current history is: 1, rf_set size is : 2 
current read action location: 4215284, threadid : 3 
In process read: current localvec size is 1.
The size of localvec is 1.[location: 00000000004051F8,  seq_num: 9. value: 1]	
thread localvec size: 1 
Process read: read locally. 
localvec has no variable. randomly select from rf_set. 
rf_set size is: 2. 

 current action type is  atomic write  . on thread 3, sequence number is : 26 , mo_type is : relaxed. 

 Process write action. Updates local vec in thread 3 - The size of localvec is 1.[location: 00000000004051F8,  seq_num: 9. value: 1]	
calling the get_next_thread. 

 current action type is  atomic read   . on thread 3, sequence number is : 27 , mo_type is : relaxed. 
Current instr. nums: 10. 
Change Priority Points:  [0]: 5  
 no external read job. - read local 
search on 4 threads. current is the 0th thread.
search on 4 threads. current is the 1th thread.
add 1 reads, meet the search bound. 
search on 4 threads. current is the 2th thread.
add 1 reads, meet the search bound. 
search on 4 threads. current is the 3th thread.
build_may_read_from, current history is: 1, rf_set size is : 2 
current read action location: 4215284, threadid : 3 
In process read: current localvec size is 1.
The size of localvec is 1.[location: 00000000004051F8,  seq_num: 9. value: 1]	
thread localvec size: 1 
Process read: read locally. 
localvec has no variable. randomly select from rf_set. 
rf_set size is: 2. 

 current action type is  atomic write  . on thread 3, sequence number is : 28 , mo_type is : relaxed. 

 Process write action. Updates local vec in thread 3 - The size of localvec is 1.[location: 00000000004051F8,  seq_num: 9. value: 1]	
calling the get_next_thread. 

 current action type is  atomic read   . on thread 3, sequence number is : 29 , mo_type is : relaxed. 
Current instr. nums: 11. 
Change Priority Points:  [0]: 5  
 no external read job. - read local 
search on 4 threads. current is the 0th thread.
search on 4 threads. current is the 1th thread.
add 1 reads, meet the search bound. 
search on 4 threads. current is the 2th thread.
add 1 reads, meet the search bound. 
search on 4 threads. current is the 3th thread.
build_may_read_from, current history is: 1, rf_set size is : 2 
current read action location: 4215284, threadid : 3 
In process read: current localvec size is 1.
The size of localvec is 1.[location: 00000000004051F8,  seq_num: 9. value: 1]	
thread localvec size: 1 
Process read: read locally. 
localvec has no variable. randomly select from rf_set. 
rf_set size is: 2. 

 current action type is  atomic write  . on thread 3, sequence number is : 30 , mo_type is : relaxed. 

 Process write action. Updates local vec in thread 3 - The size of localvec is 1.[location: 00000000004051F8,  seq_num: 9. value: 1]	
calling the get_next_thread. 

 current action type is  atomic read   . on thread 3, sequence number is : 31 , mo_type is : relaxed. 
Current instr. nums: 12. 
Change Priority Points:  [0]: 5  
 no external read job. - read local 
search on 4 threads. current is the 0th thread.
search on 4 threads. current is the 1th thread.
add 1 reads, meet the search bound. 
search on 4 threads. current is the 2th thread.
add 1 reads, meet the search bound. 
search on 4 threads. current is the 3th thread.
build_may_read_from, current history is: 1, rf_set size is : 2 
current read action location: 4215284, threadid : 3 
In process read: current localvec size is 1.
The size of localvec is 1.[location: 00000000004051F8,  seq_num: 9. value: 1]	
thread localvec size: 1 
Process read: read locally. 
localvec has no variable. randomly select from rf_set. 
rf_set size is: 2. 
current read action location: 4215284, threadid : 3 
In process read: current localvec size is 1.
The size of localvec is 1.[location: 00000000004051F8,  seq_num: 9. value: 1]	
thread localvec size: 1 
Process read: read locally. 
localvec has no variable. randomly select from rf_set. 
rf_set size is: 1. 

 current action type is  thread finish . on thread 3, sequence number is : 32 , mo_type is : seq_cst. 
calling the get_next_thread. 

 current action type is  atomic read   . on thread 2, sequence number is : 33 , mo_type is : relaxed. 
Current instr. nums: 13. 
Change Priority Points:  [0]: 5  
we meet a pending read again have read external job. - read external
search on 4 threads. current is the 0th thread.
search on 4 threads. current is the 1th thread.
add 1 reads, meet the search bound. 
search on 4 threads. current is the 2th thread.
search on 4 threads. current is the 3th thread.
add 1 reads, meet the search bound. 
build_may_read_from, current history is: 1, rf_set size is : 2 
current read action location: 4215288, threadid : 2 
In process read: current localvec size is 1.
The size of localvec is 1.[location: 00000000004051F4,  seq_num: 8. value: 1]	
Process read: read externally. 
current read action location: 4215288, threadid : 2 
In process read: current localvec size is 2.
The size of localvec is 2.[location: 00000000004051F4,  seq_num: 8. value: 1]	[location: 00000000004051F8,  seq_num: 3. value: 0]	
Process read: read externally. 
external_readnum job each thread: thread : 0 does not need read externally. thread : 1 does not need read externally. thread : 2 does not need read externally. thread : 3 does not need read externally. 

 current action type is  atomic write  . on thread 2, sequence number is : 34 , mo_type is : relaxed. 

 Process write action. Updates local vec in thread 2 - The size of localvec is 2.[location: 00000000004051F4,  seq_num: 8. value: 1]	[location: 00000000004051F8,  seq_num: 3. value: 0]	
calling the get_next_thread. 

 current action type is  atomic read   . on thread 2, sequence number is : 35 , mo_type is : relaxed. 
Current instr. nums: 14. 
Change Priority Points:  [0]: 5  
 no external read job. - read local 
search on 4 threads. current is the 0th thread.
search on 4 threads. current is the 1th thread.
add 1 reads, meet the search bound. 
search on 4 threads. current is the 2th thread.
search on 4 threads. current is the 3th thread.
add 1 reads, meet the search bound. 
build_may_read_from, current history is: 1, rf_set size is : 2 
current read action location: 4215288, threadid : 2 
In process read: current localvec size is 2.
The size of localvec is 2.[location: 00000000004051F4,  seq_num: 8. value: 1]	[location: 00000000004051F8,  seq_num: 3. value: 0]	
thread localvec size: 2 
Process read: read locally. 
local vec has such write, seqnum:3 
localvec has such variable 
current read action location: 4215288, threadid : 2 
In process read: current localvec size is 2.
The size of localvec is 2.[location: 00000000004051F4,  seq_num: 8. value: 1]	[location: 00000000004051F8,  seq_num: 3. value: 0]	
thread localvec size: 2 
Process read: read locally. 
local vec has such write, seqnum:3 
localvec has one variable. but not in the rf_set 
rf_set size is: 1. 

 current action type is  atomic write  . on thread 2, sequence number is : 36 , mo_type is : relaxed. 

 Process write action. Updates local vec in thread 2 - The size of localvec is 2.[location: 00000000004051F4,  seq_num: 8. value: 1]	[location: 00000000004051F8,  seq_num: 3. value: 0]	
calling the get_next_thread. 

 current action type is  atomic read   . on thread 2, sequence number is : 37 , mo_type is : relaxed. 
Current instr. nums: 15. 
Change Priority Points:  [0]: 5  
 no external read job. - read local 
search on 4 threads. current is the 0th thread.
search on 4 threads. current is the 1th thread.
add 1 reads, meet the search bound. 
search on 4 threads. current is the 2th thread.
search on 4 threads. current is the 3th thread.
add 1 reads, meet the search bound. 
build_may_read_from, current history is: 1, rf_set size is : 2 
current read action location: 4215288, threadid : 2 
In process read: current localvec size is 2.
The size of localvec is 2.[location: 00000000004051F4,  seq_num: 8. value: 1]	[location: 00000000004051F8,  seq_num: 3. value: 0]	
thread localvec size: 2 
Process read: read locally. 
local vec has such write, seqnum:3 
localvec has such variable 
current read action location: 4215288, threadid : 2 
In process read: current localvec size is 2.
The size of localvec is 2.[location: 00000000004051F4,  seq_num: 8. value: 1]	[location: 00000000004051F8,  seq_num: 3. value: 0]	
thread localvec size: 2 
Process read: read locally. 
local vec has such write, seqnum:3 
localvec has one variable. but not in the rf_set 
rf_set size is: 1. 

 current action type is  thread finish . on thread 2, sequence number is : 38 , mo_type is : seq_cst. 
calling the get_next_thread. 

 current action type is  pthread join  . on thread 1, sequence number is : 39 , mo_type is : seq_cst. 
calling the get_next_thread. 

 current action type is  pthread join  . on thread 1, sequence number is : 40 , mo_type is : seq_cst. 

 current action type is  thread finish . on thread 1, sequence number is : 41 , mo_type is : seq_cst. 
******* Model-checking complete: *******
Number of complete, bug-free executions: 1
Number of buggy executions: 0
Total executions: 1


--- Run #19 ---
C11Tester
Copyright (c) 2013 and 2019 Regents of the University of California. All rights reserved.
Distributed under the GPLv2
Written by Weiyu Luo, Brian Norris, and Brian Demsky

Print current params: 
-v[NUM], --verbose[=NUM]   Default: 0 Now: 0
-x, --maxexec=NUM           Maximum number of executions. Default: 10 Now: 1
-m, --minsize=NUM           Minimum number of actions to keep Default: 0 Now: 0
-f, --freqfree=NUM          Frequency to free actions Default:500000 Now: 500000
-l, --maxscheduler=NUM		 Scheduler length limitation Default:50 Now: 20
-b, --bugdepth=NUM			 bugdepth Default:5 Now: 1
-p, --version=NUM			 c11testerversion Default:0 Now: 1
-i, --maxinstr=NUM			 read num bounds: Default:30 Now: 43
-y, --history=NUM			 rf_set searcg bounds: Default:20 Now: 1
The limit of read nums is 215. 
using pct version now. 
Change Priority Points:  [0]: 5  

 current action type is  thread start  . on thread 1, sequence number is : 1 , mo_type is : seq_cst. 

 current action type is  atomic write  . on thread 1, sequence number is : 2 , mo_type is : relaxed. 

 Process write action. Updates local vec in thread 1 - The size of localvec is 1.[location: 00000000004051F4,  seq_num: 2. value: 0]	

 current action type is  atomic write  . on thread 1, sequence number is : 3 , mo_type is : relaxed. 

 Process write action. Updates local vec in thread 1 - The size of localvec is 2.[location: 00000000004051F4,  seq_num: 2. value: 0]	[location: 00000000004051F8,  seq_num: 3. value: 0]	

 current action type is  pthread create. on thread 1, sequence number is : 4 , mo_type is : seq_cst. 

 current action type is  thread start  . on thread 2, sequence number is : 5 , mo_type is : seq_cst. 

 current action type is  pthread create. on thread 1, sequence number is : 6 , mo_type is : seq_cst. 

 current action type is  thread start  . on thread 3, sequence number is : 7 , mo_type is : seq_cst. 

 current action type is  atomic write  . on thread 2, sequence number is : 8 , mo_type is : relaxed. 

 Process write action. Updates local vec in thread 2 - The size of localvec is 1.[location: 00000000004051F4,  seq_num: 8. value: 1]	

 current action type is  atomic write  . on thread 3, sequence number is : 9 , mo_type is : relaxed. 

 Process write action. Updates local vec in thread 3 - The size of localvec is 1.[location: 00000000004051F8,  seq_num: 9. value: 1]	
calling the get_next_thread. 

 current action type is  atomic read   . on thread 2, sequence number is : 10 , mo_type is : relaxed. 
Current instr. nums: 1. 
Change Priority Points:  [0]: 5  
 no external read job. - read local 
search on 4 threads. current is the 0th thread.
search on 4 threads. current is the 1th thread.
add 1 reads, meet the search bound. 
search on 4 threads. current is the 2th thread.
search on 4 threads. current is the 3th thread.
add 1 reads, meet the search bound. 
build_may_read_from, current history is: 1, rf_set size is : 2 
current read action location: 4215288, threadid : 2 
In process read: current localvec size is 1.
The size of localvec is 1.[location: 00000000004051F4,  seq_num: 8. value: 1]	
thread localvec size: 1 
Process read: read locally. 
localvec has no variable. randomly select from rf_set. 
rf_set size is: 2. 

 current action type is  atomic write  . on thread 2, sequence number is : 11 , mo_type is : relaxed. 

 Process write action. Updates local vec in thread 2 - The size of localvec is 1.[location: 00000000004051F4,  seq_num: 8. value: 1]	
calling the get_next_thread. 

 current action type is  atomic read   . on thread 2, sequence number is : 12 , mo_type is : relaxed. 
Current instr. nums: 2. 
Change Priority Points:  [0]: 5  
 no external read job. - read local 
search on 4 threads. current is the 0th thread.
search on 4 threads. current is the 1th thread.
add 1 reads, meet the search bound. 
search on 4 threads. current is the 2th thread.
search on 4 threads. current is the 3th thread.
add 1 reads, meet the search bound. 
build_may_read_from, current history is: 1, rf_set size is : 2 
current read action location: 4215288, threadid : 2 
In process read: current localvec size is 1.
The size of localvec is 1.[location: 00000000004051F4,  seq_num: 8. value: 1]	
thread localvec size: 1 
Process read: read locally. 
localvec has no variable. randomly select from rf_set. 
rf_set size is: 2. 

 current action type is  atomic write  . on thread 2, sequence number is : 13 , mo_type is : relaxed. 

 Process write action. Updates local vec in thread 2 - The size of localvec is 1.[location: 00000000004051F4,  seq_num: 8. value: 1]	
calling the get_next_thread. 

 current action type is  atomic read   . on thread 2, sequence number is : 14 , mo_type is : relaxed. 
Current instr. nums: 3. 
Change Priority Points:  [0]: 5  
 no external read job. - read local 
search on 4 threads. current is the 0th thread.
search on 4 threads. current is the 1th thread.
add 1 reads, meet the search bound. 
search on 4 threads. current is the 2th thread.
search on 4 threads. current is the 3th thread.
add 1 reads, meet the search bound. 
build_may_read_from, current history is: 1, rf_set size is : 2 
current read action location: 4215288, threadid : 2 
In process read: current localvec size is 1.
The size of localvec is 1.[location: 00000000004051F4,  seq_num: 8. value: 1]	
thread localvec size: 1 
Process read: read locally. 
localvec has no variable. randomly select from rf_set. 
rf_set size is: 2. 
current read action location: 4215288, threadid : 2 
In process read: current localvec size is 1.
The size of localvec is 1.[location: 00000000004051F4,  seq_num: 8. value: 1]	
thread localvec size: 1 
Process read: read locally. 
localvec has no variable. randomly select from rf_set. 
rf_set size is: 1. 

 current action type is  atomic write  . on thread 2, sequence number is : 15 , mo_type is : relaxed. 

 Process write action. Updates local vec in thread 2 - The size of localvec is 1.[location: 00000000004051F4,  seq_num: 8. value: 1]	
calling the get_next_thread. 

 current action type is  atomic read   . on thread 2, sequence number is : 16 , mo_type is : relaxed. 
Current instr. nums: 4. 
Change Priority Points:  [0]: 5  
 no external read job. - read local 
search on 4 threads. current is the 0th thread.
search on 4 threads. current is the 1th thread.
add 1 reads, meet the search bound. 
search on 4 threads. current is the 2th thread.
search on 4 threads. current is the 3th thread.
add 1 reads, meet the search bound. 
build_may_read_from, current history is: 1, rf_set size is : 2 
current read action location: 4215288, threadid : 2 
In process read: current localvec size is 1.
The size of localvec is 1.[location: 00000000004051F4,  seq_num: 8. value: 1]	
thread localvec size: 1 
Process read: read locally. 
localvec has no variable. randomly select from rf_set. 
rf_set size is: 2. 

 current action type is  atomic write  . on thread 2, sequence number is : 17 , mo_type is : relaxed. 

 Process write action. Updates local vec in thread 2 - The size of localvec is 1.[location: 00000000004051F4,  seq_num: 8. value: 1]	
calling the get_next_thread. 

 current action type is  atomic read   . on thread 2, sequence number is : 18 , mo_type is : relaxed. 
Current instr. nums: 5. 
Change Priority Points:  [0]: 5  
reach the 0 change point. Change priority of thread 2. 
high priority vector: [0] : 2[1] : 3[2] : 1
Low priority threads:  [0]: 0  
high priority vector: [0] : -1[1] : 3[2] : 1
Low priority threads:  [0]: 2  
change point. current 2 avail threads.thread: 2, thread: 3, 
currently highest prio thread - thread 3. 
external_readnum job each thread: thread : 0 does not need read externally. thread : 1 does not need read externally. thread : 2 need read externally. 
Change Priority Points:  [0]: 5  
now we are at the 0 change point. 
now we reselect the highest prio thread. 
now change point: select the new highest thread.current 2 avail threads.thread: 2, thread: 3, 
return the highest thread: 3 

 current action type is  atomic read   . on thread 3, sequence number is : 19 , mo_type is : relaxed. 
Current instr. nums: 6. 
Change Priority Points:  [0]: 5  
 no external read job. - read local 
search on 4 threads. current is the 0th thread.
search on 4 threads. current is the 1th thread.
add 1 reads, meet the search bound. 
search on 4 threads. current is the 2th thread.
add 1 reads, meet the search bound. 
search on 4 threads. current is the 3th thread.
build_may_read_from, current history is: 1, rf_set size is : 2 
current read action location: 4215284, threadid : 3 
In process read: current localvec size is 1.
The size of localvec is 1.[location: 00000000004051F8,  seq_num: 9. value: 1]	
thread localvec size: 1 
Process read: read locally. 
localvec has no variable. randomly select from rf_set. 
rf_set size is: 2. 

 current action type is  atomic write  . on thread 3, sequence number is : 20 , mo_type is : relaxed. 

 Process write action. Updates local vec in thread 3 - The size of localvec is 1.[location: 00000000004051F8,  seq_num: 9. value: 1]	
calling the get_next_thread. 

 current action type is  atomic read   . on thread 3, sequence number is : 21 , mo_type is : relaxed. 
Current instr. nums: 7. 
Change Priority Points:  [0]: 5  
 no external read job. - read local 
search on 4 threads. current is the 0th thread.
search on 4 threads. current is the 1th thread.
add 1 reads, meet the search bound. 
search on 4 threads. current is the 2th thread.
add 1 reads, meet the search bound. 
search on 4 threads. current is the 3th thread.
build_may_read_from, current history is: 1, rf_set size is : 2 
current read action location: 4215284, threadid : 3 
In process read: current localvec size is 1.
The size of localvec is 1.[location: 00000000004051F8,  seq_num: 9. value: 1]	
thread localvec size: 1 
Process read: read locally. 
localvec has no variable. randomly select from rf_set. 
rf_set size is: 2. 

 current action type is  atomic write  . on thread 3, sequence number is : 22 , mo_type is : relaxed. 

 Process write action. Updates local vec in thread 3 - The size of localvec is 1.[location: 00000000004051F8,  seq_num: 9. value: 1]	
calling the get_next_thread. 

 current action type is  atomic read   . on thread 3, sequence number is : 23 , mo_type is : relaxed. 
Current instr. nums: 8. 
Change Priority Points:  [0]: 5  
 no external read job. - read local 
search on 4 threads. current is the 0th thread.
search on 4 threads. current is the 1th thread.
add 1 reads, meet the search bound. 
search on 4 threads. current is the 2th thread.
add 1 reads, meet the search bound. 
search on 4 threads. current is the 3th thread.
build_may_read_from, current history is: 1, rf_set size is : 2 
current read action location: 4215284, threadid : 3 
In process read: current localvec size is 1.
The size of localvec is 1.[location: 00000000004051F8,  seq_num: 9. value: 1]	
thread localvec size: 1 
Process read: read locally. 
localvec has no variable. randomly select from rf_set. 
rf_set size is: 2. 

 current action type is  atomic write  . on thread 3, sequence number is : 24 , mo_type is : relaxed. 

 Process write action. Updates local vec in thread 3 - The size of localvec is 1.[location: 00000000004051F8,  seq_num: 9. value: 1]	
calling the get_next_thread. 

 current action type is  atomic read   . on thread 3, sequence number is : 25 , mo_type is : relaxed. 
Current instr. nums: 9. 
Change Priority Points:  [0]: 5  
 no external read job. - read local 
search on 4 threads. current is the 0th thread.
search on 4 threads. current is the 1th thread.
add 1 reads, meet the search bound. 
search on 4 threads. current is the 2th thread.
add 1 reads, meet the search bound. 
search on 4 threads. current is the 3th thread.
build_may_read_from, current history is: 1, rf_set size is : 2 
current read action location: 4215284, threadid : 3 
In process read: current localvec size is 1.
The size of localvec is 1.[location: 00000000004051F8,  seq_num: 9. value: 1]	
thread localvec size: 1 
Process read: read locally. 
localvec has no variable. randomly select from rf_set. 
rf_set size is: 2. 
current read action location: 4215284, threadid : 3 
In process read: current localvec size is 1.
The size of localvec is 1.[location: 00000000004051F8,  seq_num: 9. value: 1]	
thread localvec size: 1 
Process read: read locally. 
localvec has no variable. randomly select from rf_set. 
rf_set size is: 1. 

 current action type is  atomic write  . on thread 3, sequence number is : 26 , mo_type is : relaxed. 

 Process write action. Updates local vec in thread 3 - The size of localvec is 1.[location: 00000000004051F8,  seq_num: 9. value: 1]	
calling the get_next_thread. 

 current action type is  atomic read   . on thread 3, sequence number is : 27 , mo_type is : relaxed. 
Current instr. nums: 10. 
Change Priority Points:  [0]: 5  
 no external read job. - read local 
search on 4 threads. current is the 0th thread.
search on 4 threads. current is the 1th thread.
add 1 reads, meet the search bound. 
search on 4 threads. current is the 2th thread.
add 1 reads, meet the search bound. 
search on 4 threads. current is the 3th thread.
build_may_read_from, current history is: 1, rf_set size is : 2 
current read action location: 4215284, threadid : 3 
In process read: current localvec size is 1.
The size of localvec is 1.[location: 00000000004051F8,  seq_num: 9. value: 1]	
thread localvec size: 1 
Process read: read locally. 
localvec has no variable. randomly select from rf_set. 
rf_set size is: 2. 
current read action location: 4215284, threadid : 3 
In process read: current localvec size is 1.
The size of localvec is 1.[location: 00000000004051F8,  seq_num: 9. value: 1]	
thread localvec size: 1 
Process read: read locally. 
localvec has no variable. randomly select from rf_set. 
rf_set size is: 1. 

 current action type is  atomic write  . on thread 3, sequence number is : 28 , mo_type is : relaxed. 

 Process write action. Updates local vec in thread 3 - The size of localvec is 1.[location: 00000000004051F8,  seq_num: 9. value: 1]	
calling the get_next_thread. 

 current action type is  atomic read   . on thread 3, sequence number is : 29 , mo_type is : relaxed. 
Current instr. nums: 11. 
Change Priority Points:  [0]: 5  
 no external read job. - read local 
search on 4 threads. current is the 0th thread.
search on 4 threads. current is the 1th thread.
add 1 reads, meet the search bound. 
search on 4 threads. current is the 2th thread.
add 1 reads, meet the search bound. 
search on 4 threads. current is the 3th thread.
build_may_read_from, current history is: 1, rf_set size is : 2 
current read action location: 4215284, threadid : 3 
In process read: current localvec size is 1.
The size of localvec is 1.[location: 00000000004051F8,  seq_num: 9. value: 1]	
thread localvec size: 1 
Process read: read locally. 
localvec has no variable. randomly select from rf_set. 
rf_set size is: 2. 
current read action location: 4215284, threadid : 3 
In process read: current localvec size is 1.
The size of localvec is 1.[location: 00000000004051F8,  seq_num: 9. value: 1]	
thread localvec size: 1 
Process read: read locally. 
localvec has no variable. randomly select from rf_set. 
rf_set size is: 1. 

 current action type is  atomic write  . on thread 3, sequence number is : 30 , mo_type is : relaxed. 

 Process write action. Updates local vec in thread 3 - The size of localvec is 1.[location: 00000000004051F8,  seq_num: 9. value: 1]	
calling the get_next_thread. 

 current action type is  atomic read   . on thread 3, sequence number is : 31 , mo_type is : relaxed. 
Current instr. nums: 12. 
Change Priority Points:  [0]: 5  
 no external read job. - read local 
search on 4 threads. current is the 0th thread.
search on 4 threads. current is the 1th thread.
add 1 reads, meet the search bound. 
search on 4 threads. current is the 2th thread.
add 1 reads, meet the search bound. 
search on 4 threads. current is the 3th thread.
build_may_read_from, current history is: 1, rf_set size is : 2 
current read action location: 4215284, threadid : 3 
In process read: current localvec size is 1.
The size of localvec is 1.[location: 00000000004051F8,  seq_num: 9. value: 1]	
thread localvec size: 1 
Process read: read locally. 
localvec has no variable. randomly select from rf_set. 
rf_set size is: 2. 

 current action type is  thread finish . on thread 3, sequence number is : 32 , mo_type is : seq_cst. 
calling the get_next_thread. 

 current action type is  atomic read   . on thread 2, sequence number is : 33 , mo_type is : relaxed. 
Current instr. nums: 13. 
Change Priority Points:  [0]: 5  
we meet a pending read again have read external job. - read external
search on 4 threads. current is the 0th thread.
search on 4 threads. current is the 1th thread.
add 1 reads, meet the search bound. 
search on 4 threads. current is the 2th thread.
search on 4 threads. current is the 3th thread.
add 1 reads, meet the search bound. 
build_may_read_from, current history is: 1, rf_set size is : 2 
current read action location: 4215288, threadid : 2 
In process read: current localvec size is 1.
The size of localvec is 1.[location: 00000000004051F4,  seq_num: 8. value: 1]	
Process read: read externally. 
external_readnum job each thread: thread : 0 does not need read externally. thread : 1 does not need read externally. thread : 2 does not need read externally. thread : 3 does not need read externally. 

 current action type is  atomic write  . on thread 2, sequence number is : 34 , mo_type is : relaxed. 

 Process write action. Updates local vec in thread 2 - The size of localvec is 2.[location: 00000000004051F4,  seq_num: 8. value: 1]	[location: 00000000004051F8,  seq_num: 30. value: 1]	
calling the get_next_thread. 

 current action type is  atomic read   . on thread 2, sequence number is : 35 , mo_type is : relaxed. 
Current instr. nums: 14. 
Change Priority Points:  [0]: 5  
 no external read job. - read local 
search on 4 threads. current is the 0th thread.
search on 4 threads. current is the 1th thread.
add 1 reads, meet the search bound. 
search on 4 threads. current is the 2th thread.
search on 4 threads. current is the 3th thread.
add 1 reads, meet the search bound. 
build_may_read_from, current history is: 1, rf_set size is : 2 
current read action location: 4215288, threadid : 2 
In process read: current localvec size is 2.
The size of localvec is 2.[location: 00000000004051F4,  seq_num: 8. value: 1]	[location: 00000000004051F8,  seq_num: 30. value: 1]	
thread localvec size: 2 
Process read: read locally. 
local vec has such write, seqnum:30 
localvec has such variable 

 current action type is  atomic write  . on thread 2, sequence number is : 36 , mo_type is : relaxed. 

 Process write action. Updates local vec in thread 2 - The size of localvec is 2.[location: 00000000004051F4,  seq_num: 8. value: 1]	[location: 00000000004051F8,  seq_num: 30. value: 1]	
calling the get_next_thread. 

 current action type is  atomic read   . on thread 2, sequence number is : 37 , mo_type is : relaxed. 
Current instr. nums: 15. 
Change Priority Points:  [0]: 5  
 no external read job. - read local 
search on 4 threads. current is the 0th thread.
search on 4 threads. current is the 1th thread.
add 1 reads, meet the search bound. 
search on 4 threads. current is the 2th thread.
search on 4 threads. current is the 3th thread.
add 1 reads, meet the search bound. 
build_may_read_from, current history is: 1, rf_set size is : 2 
current read action location: 4215288, threadid : 2 
In process read: current localvec size is 2.
The size of localvec is 2.[location: 00000000004051F4,  seq_num: 8. value: 1]	[location: 00000000004051F8,  seq_num: 30. value: 1]	
thread localvec size: 2 
Process read: read locally. 
local vec has such write, seqnum:30 
localvec has such variable 

 current action type is  thread finish . on thread 2, sequence number is : 38 , mo_type is : seq_cst. 
calling the get_next_thread. 

 current action type is  pthread join  . on thread 1, sequence number is : 39 , mo_type is : seq_cst. 
calling the get_next_thread. 

 current action type is  pthread join  . on thread 1, sequence number is : 40 , mo_type is : seq_cst. 

 current action type is  thread finish . on thread 1, sequence number is : 41 , mo_type is : seq_cst. 
******* Model-checking complete: *******
Number of complete, bug-free executions: 1
Number of buggy executions: 0
Total executions: 1


--- Run #20 ---
C11Tester
Copyright (c) 2013 and 2019 Regents of the University of California. All rights reserved.
Distributed under the GPLv2
Written by Weiyu Luo, Brian Norris, and Brian Demsky

Print current params: 
-v[NUM], --verbose[=NUM]   Default: 0 Now: 0
-x, --maxexec=NUM           Maximum number of executions. Default: 10 Now: 1
-m, --minsize=NUM           Minimum number of actions to keep Default: 0 Now: 0
-f, --freqfree=NUM          Frequency to free actions Default:500000 Now: 500000
-l, --maxscheduler=NUM		 Scheduler length limitation Default:50 Now: 20
-b, --bugdepth=NUM			 bugdepth Default:5 Now: 1
-p, --version=NUM			 c11testerversion Default:0 Now: 1
-i, --maxinstr=NUM			 read num bounds: Default:30 Now: 43
-y, --history=NUM			 rf_set searcg bounds: Default:20 Now: 1
The limit of read nums is 215. 
using pct version now. 
Change Priority Points:  [0]: 5  

 current action type is  thread start  . on thread 1, sequence number is : 1 , mo_type is : seq_cst. 

 current action type is  atomic write  . on thread 1, sequence number is : 2 , mo_type is : relaxed. 

 Process write action. Updates local vec in thread 1 - The size of localvec is 1.[location: 00000000004051F4,  seq_num: 2. value: 0]	

 current action type is  atomic write  . on thread 1, sequence number is : 3 , mo_type is : relaxed. 

 Process write action. Updates local vec in thread 1 - The size of localvec is 2.[location: 00000000004051F4,  seq_num: 2. value: 0]	[location: 00000000004051F8,  seq_num: 3. value: 0]	

 current action type is  pthread create. on thread 1, sequence number is : 4 , mo_type is : seq_cst. 

 current action type is  thread start  . on thread 2, sequence number is : 5 , mo_type is : seq_cst. 

 current action type is  pthread create. on thread 1, sequence number is : 6 , mo_type is : seq_cst. 

 current action type is  thread start  . on thread 3, sequence number is : 7 , mo_type is : seq_cst. 

 current action type is  atomic write  . on thread 2, sequence number is : 8 , mo_type is : relaxed. 

 Process write action. Updates local vec in thread 2 - The size of localvec is 1.[location: 00000000004051F4,  seq_num: 8. value: 1]	

 current action type is  atomic write  . on thread 3, sequence number is : 9 , mo_type is : relaxed. 

 Process write action. Updates local vec in thread 3 - The size of localvec is 1.[location: 00000000004051F8,  seq_num: 9. value: 1]	
calling the get_next_thread. 

 current action type is  atomic read   . on thread 3, sequence number is : 10 , mo_type is : relaxed. 
Current instr. nums: 1. 
Change Priority Points:  [0]: 5  
 no external read job. - read local 
search on 4 threads. current is the 0th thread.
search on 4 threads. current is the 1th thread.
add 1 reads, meet the search bound. 
search on 4 threads. current is the 2th thread.
add 1 reads, meet the search bound. 
search on 4 threads. current is the 3th thread.
build_may_read_from, current history is: 1, rf_set size is : 2 
current read action location: 4215284, threadid : 3 
In process read: current localvec size is 1.
The size of localvec is 1.[location: 00000000004051F8,  seq_num: 9. value: 1]	
thread localvec size: 1 
Process read: read locally. 
localvec has no variable. randomly select from rf_set. 
rf_set size is: 2. 

 current action type is  atomic write  . on thread 3, sequence number is : 11 , mo_type is : relaxed. 

 Process write action. Updates local vec in thread 3 - The size of localvec is 1.[location: 00000000004051F8,  seq_num: 9. value: 1]	
calling the get_next_thread. 

 current action type is  atomic read   . on thread 3, sequence number is : 12 , mo_type is : relaxed. 
Current instr. nums: 2. 
Change Priority Points:  [0]: 5  
 no external read job. - read local 
search on 4 threads. current is the 0th thread.
search on 4 threads. current is the 1th thread.
add 1 reads, meet the search bound. 
search on 4 threads. current is the 2th thread.
add 1 reads, meet the search bound. 
search on 4 threads. current is the 3th thread.
build_may_read_from, current history is: 1, rf_set size is : 2 
current read action location: 4215284, threadid : 3 
In process read: current localvec size is 1.
The size of localvec is 1.[location: 00000000004051F8,  seq_num: 9. value: 1]	
thread localvec size: 1 
Process read: read locally. 
localvec has no variable. randomly select from rf_set. 
rf_set size is: 2. 

 current action type is  atomic write  . on thread 3, sequence number is : 13 , mo_type is : relaxed. 

 Process write action. Updates local vec in thread 3 - The size of localvec is 1.[location: 00000000004051F8,  seq_num: 9. value: 1]	
calling the get_next_thread. 

 current action type is  atomic read   . on thread 3, sequence number is : 14 , mo_type is : relaxed. 
Current instr. nums: 3. 
Change Priority Points:  [0]: 5  
 no external read job. - read local 
search on 4 threads. current is the 0th thread.
search on 4 threads. current is the 1th thread.
add 1 reads, meet the search bound. 
search on 4 threads. current is the 2th thread.
add 1 reads, meet the search bound. 
search on 4 threads. current is the 3th thread.
build_may_read_from, current history is: 1, rf_set size is : 2 
current read action location: 4215284, threadid : 3 
In process read: current localvec size is 1.
The size of localvec is 1.[location: 00000000004051F8,  seq_num: 9. value: 1]	
thread localvec size: 1 
Process read: read locally. 
localvec has no variable. randomly select from rf_set. 
rf_set size is: 2. 
current read action location: 4215284, threadid : 3 
In process read: current localvec size is 1.
The size of localvec is 1.[location: 00000000004051F8,  seq_num: 9. value: 1]	
thread localvec size: 1 
Process read: read locally. 
localvec has no variable. randomly select from rf_set. 
rf_set size is: 1. 

 current action type is  atomic write  . on thread 3, sequence number is : 15 , mo_type is : relaxed. 

 Process write action. Updates local vec in thread 3 - The size of localvec is 1.[location: 00000000004051F8,  seq_num: 9. value: 1]	
calling the get_next_thread. 

 current action type is  atomic read   . on thread 3, sequence number is : 16 , mo_type is : relaxed. 
Current instr. nums: 4. 
Change Priority Points:  [0]: 5  
 no external read job. - read local 
search on 4 threads. current is the 0th thread.
search on 4 threads. current is the 1th thread.
add 1 reads, meet the search bound. 
search on 4 threads. current is the 2th thread.
add 1 reads, meet the search bound. 
search on 4 threads. current is the 3th thread.
build_may_read_from, current history is: 1, rf_set size is : 2 
current read action location: 4215284, threadid : 3 
In process read: current localvec size is 1.
The size of localvec is 1.[location: 00000000004051F8,  seq_num: 9. value: 1]	
thread localvec size: 1 
Process read: read locally. 
localvec has no variable. randomly select from rf_set. 
rf_set size is: 2. 
current read action location: 4215284, threadid : 3 
In process read: current localvec size is 1.
The size of localvec is 1.[location: 00000000004051F8,  seq_num: 9. value: 1]	
thread localvec size: 1 
Process read: read locally. 
localvec has no variable. randomly select from rf_set. 
rf_set size is: 1. 

 current action type is  atomic write  . on thread 3, sequence number is : 17 , mo_type is : relaxed. 

 Process write action. Updates local vec in thread 3 - The size of localvec is 1.[location: 00000000004051F8,  seq_num: 9. value: 1]	
calling the get_next_thread. 

 current action type is  atomic read   . on thread 3, sequence number is : 18 , mo_type is : relaxed. 
Current instr. nums: 5. 
Change Priority Points:  [0]: 5  
reach the 0 change point. Change priority of thread 3. 
high priority vector: [0] : 1[1] : 3[2] : 2
Low priority threads:  [0]: 0  
high priority vector: [0] : 1[1] : -1[2] : 2
Low priority threads:  [0]: 3  
change point. current 2 avail threads.thread: 2, thread: 3, 
currently highest prio thread - thread 2. 
external_readnum job each thread: thread : 0 does not need read externally. thread : 1 does not need read externally. thread : 2 does not need read externally. thread : 3 need read externally. 
Change Priority Points:  [0]: 5  
now we are at the 0 change point. 
now we reselect the highest prio thread. 
now change point: select the new highest thread.current 2 avail threads.thread: 2, thread: 3, 
return the highest thread: 2 

 current action type is  atomic read   . on thread 2, sequence number is : 19 , mo_type is : relaxed. 
Current instr. nums: 6. 
Change Priority Points:  [0]: 5  
 no external read job. - read local 
search on 4 threads. current is the 0th thread.
search on 4 threads. current is the 1th thread.
add 1 reads, meet the search bound. 
search on 4 threads. current is the 2th thread.
search on 4 threads. current is the 3th thread.
add 1 reads, meet the search bound. 
build_may_read_from, current history is: 1, rf_set size is : 2 
current read action location: 4215288, threadid : 2 
In process read: current localvec size is 1.
The size of localvec is 1.[location: 00000000004051F4,  seq_num: 8. value: 1]	
thread localvec size: 1 
Process read: read locally. 
localvec has no variable. randomly select from rf_set. 
rf_set size is: 2. 

 current action type is  atomic write  . on thread 2, sequence number is : 20 , mo_type is : relaxed. 

 Process write action. Updates local vec in thread 2 - The size of localvec is 1.[location: 00000000004051F4,  seq_num: 8. value: 1]	
calling the get_next_thread. 

 current action type is  atomic read   . on thread 2, sequence number is : 21 , mo_type is : relaxed. 
Current instr. nums: 7. 
Change Priority Points:  [0]: 5  
 no external read job. - read local 
search on 4 threads. current is the 0th thread.
search on 4 threads. current is the 1th thread.
add 1 reads, meet the search bound. 
search on 4 threads. current is the 2th thread.
search on 4 threads. current is the 3th thread.
add 1 reads, meet the search bound. 
build_may_read_from, current history is: 1, rf_set size is : 2 
current read action location: 4215288, threadid : 2 
In process read: current localvec size is 1.
The size of localvec is 1.[location: 00000000004051F4,  seq_num: 8. value: 1]	
thread localvec size: 1 
Process read: read locally. 
localvec has no variable. randomly select from rf_set. 
rf_set size is: 2. 
current read action location: 4215288, threadid : 2 
In process read: current localvec size is 1.
The size of localvec is 1.[location: 00000000004051F4,  seq_num: 8. value: 1]	
thread localvec size: 1 
Process read: read locally. 
localvec has no variable. randomly select from rf_set. 
rf_set size is: 1. 

 current action type is  atomic write  . on thread 2, sequence number is : 22 , mo_type is : relaxed. 

 Process write action. Updates local vec in thread 2 - The size of localvec is 1.[location: 00000000004051F4,  seq_num: 8. value: 1]	
calling the get_next_thread. 

 current action type is  atomic read   . on thread 2, sequence number is : 23 , mo_type is : relaxed. 
Current instr. nums: 8. 
Change Priority Points:  [0]: 5  
 no external read job. - read local 
search on 4 threads. current is the 0th thread.
search on 4 threads. current is the 1th thread.
add 1 reads, meet the search bound. 
search on 4 threads. current is the 2th thread.
search on 4 threads. current is the 3th thread.
add 1 reads, meet the search bound. 
build_may_read_from, current history is: 1, rf_set size is : 2 
current read action location: 4215288, threadid : 2 
In process read: current localvec size is 1.
The size of localvec is 1.[location: 00000000004051F4,  seq_num: 8. value: 1]	
thread localvec size: 1 
Process read: read locally. 
localvec has no variable. randomly select from rf_set. 
rf_set size is: 2. 

 current action type is  atomic write  . on thread 2, sequence number is : 24 , mo_type is : relaxed. 

 Process write action. Updates local vec in thread 2 - The size of localvec is 1.[location: 00000000004051F4,  seq_num: 8. value: 1]	
calling the get_next_thread. 

 current action type is  atomic read   . on thread 2, sequence number is : 25 , mo_type is : relaxed. 
Current instr. nums: 9. 
Change Priority Points:  [0]: 5  
 no external read job. - read local 
search on 4 threads. current is the 0th thread.
search on 4 threads. current is the 1th thread.
add 1 reads, meet the search bound. 
search on 4 threads. current is the 2th thread.
search on 4 threads. current is the 3th thread.
add 1 reads, meet the search bound. 
build_may_read_from, current history is: 1, rf_set size is : 2 
current read action location: 4215288, threadid : 2 
In process read: current localvec size is 1.
The size of localvec is 1.[location: 00000000004051F4,  seq_num: 8. value: 1]	
thread localvec size: 1 
Process read: read locally. 
localvec has no variable. randomly select from rf_set. 
rf_set size is: 2. 
current read action location: 4215288, threadid : 2 
In process read: current localvec size is 1.
The size of localvec is 1.[location: 00000000004051F4,  seq_num: 8. value: 1]	
thread localvec size: 1 
Process read: read locally. 
localvec has no variable. randomly select from rf_set. 
rf_set size is: 1. 

 current action type is  atomic write  . on thread 2, sequence number is : 26 , mo_type is : relaxed. 

 Process write action. Updates local vec in thread 2 - The size of localvec is 1.[location: 00000000004051F4,  seq_num: 8. value: 1]	
calling the get_next_thread. 

 current action type is  atomic read   . on thread 2, sequence number is : 27 , mo_type is : relaxed. 
Current instr. nums: 10. 
Change Priority Points:  [0]: 5  
 no external read job. - read local 
search on 4 threads. current is the 0th thread.
search on 4 threads. current is the 1th thread.
add 1 reads, meet the search bound. 
search on 4 threads. current is the 2th thread.
search on 4 threads. current is the 3th thread.
add 1 reads, meet the search bound. 
build_may_read_from, current history is: 1, rf_set size is : 2 
current read action location: 4215288, threadid : 2 
In process read: current localvec size is 1.
The size of localvec is 1.[location: 00000000004051F4,  seq_num: 8. value: 1]	
thread localvec size: 1 
Process read: read locally. 
localvec has no variable. randomly select from rf_set. 
rf_set size is: 2. 

 current action type is  atomic write  . on thread 2, sequence number is : 28 , mo_type is : relaxed. 

 Process write action. Updates local vec in thread 2 - The size of localvec is 1.[location: 00000000004051F4,  seq_num: 8. value: 1]	
calling the get_next_thread. 

 current action type is  atomic read   . on thread 2, sequence number is : 29 , mo_type is : relaxed. 
Current instr. nums: 11. 
Change Priority Points:  [0]: 5  
 no external read job. - read local 
search on 4 threads. current is the 0th thread.
search on 4 threads. current is the 1th thread.
add 1 reads, meet the search bound. 
search on 4 threads. current is the 2th thread.
search on 4 threads. current is the 3th thread.
add 1 reads, meet the search bound. 
build_may_read_from, current history is: 1, rf_set size is : 2 
current read action location: 4215288, threadid : 2 
In process read: current localvec size is 1.
The size of localvec is 1.[location: 00000000004051F4,  seq_num: 8. value: 1]	
thread localvec size: 1 
Process read: read locally. 
localvec has no variable. randomly select from rf_set. 
rf_set size is: 2. 
current read action location: 4215288, threadid : 2 
In process read: current localvec size is 1.
The size of localvec is 1.[location: 00000000004051F4,  seq_num: 8. value: 1]	
thread localvec size: 1 
Process read: read locally. 
localvec has no variable. randomly select from rf_set. 
rf_set size is: 1. 

 current action type is  atomic write  . on thread 2, sequence number is : 30 , mo_type is : relaxed. 

 Process write action. Updates local vec in thread 2 - The size of localvec is 1.[location: 00000000004051F4,  seq_num: 8. value: 1]	
calling the get_next_thread. 

 current action type is  atomic read   . on thread 2, sequence number is : 31 , mo_type is : relaxed. 
Current instr. nums: 12. 
Change Priority Points:  [0]: 5  
 no external read job. - read local 
search on 4 threads. current is the 0th thread.
search on 4 threads. current is the 1th thread.
add 1 reads, meet the search bound. 
search on 4 threads. current is the 2th thread.
search on 4 threads. current is the 3th thread.
add 1 reads, meet the search bound. 
build_may_read_from, current history is: 1, rf_set size is : 2 
current read action location: 4215288, threadid : 2 
In process read: current localvec size is 1.
The size of localvec is 1.[location: 00000000004051F4,  seq_num: 8. value: 1]	
thread localvec size: 1 
Process read: read locally. 
localvec has no variable. randomly select from rf_set. 
rf_set size is: 2. 

 current action type is  thread finish . on thread 2, sequence number is : 32 , mo_type is : seq_cst. 
calling the get_next_thread. 

 current action type is  pthread join  . on thread 1, sequence number is : 33 , mo_type is : seq_cst. 
calling the get_next_thread. 

 current action type is  atomic read   . on thread 3, sequence number is : 34 , mo_type is : relaxed. 
Current instr. nums: 13. 
Change Priority Points:  [0]: 5  
we meet a pending read again have read external job. - read external
search on 4 threads. current is the 0th thread.
search on 4 threads. current is the 1th thread.
add 1 reads, meet the search bound. 
search on 4 threads. current is the 2th thread.
add 1 reads, meet the search bound. 
search on 4 threads. current is the 3th thread.
build_may_read_from, current history is: 1, rf_set size is : 2 
current read action location: 4215284, threadid : 3 
In process read: current localvec size is 1.
The size of localvec is 1.[location: 00000000004051F8,  seq_num: 9. value: 1]	
Process read: read externally. 
external_readnum job each thread: thread : 0 does not need read externally. thread : 1 does not need read externally. thread : 2 does not need read externally. thread : 3 does not need read externally. 

 current action type is  atomic write  . on thread 3, sequence number is : 35 , mo_type is : relaxed. 

 Process write action. Updates local vec in thread 3 - The size of localvec is 2.[location: 00000000004051F8,  seq_num: 9. value: 1]	[location: 00000000004051F4,  seq_num: 30. value: 1]	
calling the get_next_thread. 

 current action type is  atomic read   . on thread 3, sequence number is : 36 , mo_type is : relaxed. 
Current instr. nums: 14. 
Change Priority Points:  [0]: 5  
 no external read job. - read local 
search on 4 threads. current is the 0th thread.
search on 4 threads. current is the 1th thread.
add 1 reads, meet the search bound. 
search on 4 threads. current is the 2th thread.
add 1 reads, meet the search bound. 
search on 4 threads. current is the 3th thread.
build_may_read_from, current history is: 1, rf_set size is : 2 
current read action location: 4215284, threadid : 3 
In process read: current localvec size is 2.
The size of localvec is 2.[location: 00000000004051F8,  seq_num: 9. value: 1]	[location: 00000000004051F4,  seq_num: 30. value: 1]	
thread localvec size: 2 
Process read: read locally. 
local vec has such write, seqnum:30 
localvec has such variable 

 current action type is  atomic write  . on thread 3, sequence number is : 37 , mo_type is : relaxed. 

 Process write action. Updates local vec in thread 3 - The size of localvec is 2.[location: 00000000004051F8,  seq_num: 9. value: 1]	[location: 00000000004051F4,  seq_num: 30. value: 1]	
calling the get_next_thread. 

 current action type is  atomic read   . on thread 3, sequence number is : 38 , mo_type is : relaxed. 
Current instr. nums: 15. 
Change Priority Points:  [0]: 5  
 no external read job. - read local 
search on 4 threads. current is the 0th thread.
search on 4 threads. current is the 1th thread.
add 1 reads, meet the search bound. 
search on 4 threads. current is the 2th thread.
add 1 reads, meet the search bound. 
search on 4 threads. current is the 3th thread.
build_may_read_from, current history is: 1, rf_set size is : 2 
current read action location: 4215284, threadid : 3 
In process read: current localvec size is 2.
The size of localvec is 2.[location: 00000000004051F8,  seq_num: 9. value: 1]	[location: 00000000004051F4,  seq_num: 30. value: 1]	
thread localvec size: 2 
Process read: read locally. 
local vec has such write, seqnum:30 
localvec has such variable 

 current action type is  thread finish . on thread 3, sequence number is : 39 , mo_type is : seq_cst. 
calling the get_next_thread. 

 current action type is  pthread join  . on thread 1, sequence number is : 40 , mo_type is : seq_cst. 

 current action type is  thread finish . on thread 1, sequence number is : 41 , mo_type is : seq_cst. 
******* Model-checking complete: *******
Number of complete, bug-free executions: 1
Number of buggy executions: 0
Total executions: 1


